{
"type": "FeatureCollection",
"name": "slick_geometry",
"crs": { "type": "name", "properties": { "name": "urn:ogc:def:crs:OGC:1.3:CRS84" } },
"features": [
{ "type": "Feature", "properties": { "slick_id": 1, "centroid": [ 71.058396, 19.495814 ], "bounding_box": [ 71.0575, 19.4951, 71.0591, 19.4965 ], "area_km2": 0.015, "perimeter_m": 667.92, "orientation": 143.13, "compactness": 0.4224, "confidence": 0.3089 }, "geometry": { "type": "Polygon", "coordinates": [ [ [ 71.0577, 19.4965 ], [ 71.0579, 19.4965 ], [ 71.0579, 19.4964 ], [ 71.0581, 19.4964 ], [ 71.0581, 19.4963 ], [ 71.0583, 19.4963 ], [ 71.0583, 19.4962 ], [ 71.0586, 19.4962 ], [ 71.0586, 19.4961 ], [ 71.0589, 19.4961 ], [ 71.0589, 19.496 ], [ 71.059, 19.496 ], [ 71.059, 19.4959 ], [ 71.0591, 19.4959 ], [ 71.0591, 19.4952 ], [ 71.059, 19.4952 ], [ 71.059, 19.4951 ], [ 71.0586, 19.4951 ], [ 71.0586, 19.4952 ], [ 71.0585, 19.4952 ], [ 71.0585, 19.4953 ], [ 71.0584, 19.4953 ], [ 71.0584, 19.4955 ], [ 71.0583, 19.4955 ], [ 71.0583, 19.4956 ], [ 71.0581, 19.4956 ], [ 71.0581, 19.4957 ], [ 71.0578, 19.4957 ], [ 71.0578, 19.4958 ], [ 71.0577, 19.4958 ], [ 71.0577, 19.496 ], [ 71.0576, 19.496 ], [ 71.0576, 19.4961 ], [ 71.0575, 19.4961 ], [ 71.0575, 19.4963 ], [ 71.0576, 19.4963 ], [ 71.0576, 19.4964 ], [ 71.0577, 19.4964 ], [ 71.0577, 19.4965 ] ] ] } },
{ "type": "Feature", "properties": { "slick_id": 2, "centroid": [ 71.042134, 19.495425 ], "bounding_box": [ 71.0411, 19.4942, 71.0432, 19.4965 ], "area_km2": 0.043, "perimeter_m": 1001.88, "orientation": 90.0, "compactness": 0.5383, "confidence": 0.3255 }, "geometry": { "type": "Polygon", "coordinates": [ [ [ 71.0416, 19.4965 ], [ 71.0423, 19.4965 ], [ 71.0423, 19.4964 ], [ 71.0424, 19.4964 ], [ 71.0424, 19.4963 ], [ 71.0425, 19.4963 ], [ 71.0425, 19.4962 ], [ 71.0427, 19.4962 ], [ 71.0427, 19.4961 ], [ 71.0428, 19.4961 ], [ 71.0428, 19.496 ], [ 71.043, 19.496 ], [ 71.043, 19.4959 ], [ 71.0431, 19.4959 ], [ 71.0431, 19.4958 ], [ 71.0432, 19.4958 ], [ 71.0432, 19.4953 ], [ 71.0431, 19.4953 ], [ 71.0431, 19.4952 ], [ 71.043, 19.4952 ], [ 71.043, 19.4951 ], [ 71.0429, 19.4951 ], [ 71.0429, 19.4947 ], [ 71.043, 19.4947 ], [ 71.043, 19.4946 ], [ 71.0429, 19.4946 ], [ 71.0429, 19.4945 ], [ 71.0428, 19.4945 ], [ 71.0428, 19.4943 ], [ 71.0427, 19.4943 ], [ 71.0427, 19.4942 ], [ 71.0421, 19.4942 ], [ 71.0421, 19.4943 ], [ 71.042, 19.4943 ], [ 71.042, 19.4944 ], [ 71.0419, 19.4944 ], [ 71.0419, 19.4945 ], [ 71.0418, 19.4945 ], [ 71.0418, 19.4946 ], [ 71.0417, 19.4946 ], [ 71.0417, 19.4947 ], [ 71.0416, 19.4947 ], [ 71.0416, 19.4948 ], [ 71.0415, 19.4948 ], [ 71.0415, 19.4949 ], [ 71.0414, 19.4949 ], [ 71.0414, 19.495 ], [ 71.0413, 19.495 ], [ 71.0413, 19.4952 ], [ 71.0412, 19.4952 ], [ 71.0412, 19.4955 ], [ 71.0411, 19.4955 ], [ 71.0411, 19.4962 ], [ 71.0412, 19.4962 ], [ 71.0412, 19.4963 ], [ 71.0413, 19.4963 ], [ 71.0413, 19.4964 ], [ 71.0416, 19.4964 ], [ 71.0416, 19.4965 ] ] ] } },
{ "type": "Feature", "properties": { "slick_id": 3, "centroid": [ 71.034068, 19.495067 ], "bounding_box": [ 71.0297, 19.4909, 71.0376, 19.4984 ], "area_km2": 0.4617, "perimeter_m": 3539.98, "orientation": 154.29, "compactness": 0.463, "confidence": 0.5258 }, "geometry": { "type": "Polygon", "coordinates": [ [ [ 71.0316, 19.4984 ], [ 71.0321, 19.4984 ], [ 71.0321, 19.4983 ], [ 71.0323, 19.4983 ], [ 71.0323, 19.4982 ], [ 71.0324, 19.4982 ], [ 71.0324, 19.4981 ], [ 71.0325, 19.4981 ], [ 71.0325, 19.498 ], [ 71.0326, 19.498 ], [ 71.0326, 19.4979 ], [ 71.0328, 19.4979 ], [ 71.0328, 19.4978 ], [ 71.0338, 19.4978 ], [ 71.0338, 19.4979 ], [ 71.0341, 19.4979 ], [ 71.0341, 19.498 ], [ 71.0346, 19.498 ], [ 71.0346, 19.4979 ], [ 71.0347, 19.4979 ], [ 71.0347, 19.4978 ], [ 71.0348, 19.4978 ], [ 71.0348, 19.4977 ], [ 71.0349, 19.4977 ], [ 71.0349, 19.4976 ], [ 71.035, 19.4976 ], [ 71.035, 19.4975 ], [ 71.0352, 19.4975 ], [ 71.0352, 19.4974 ], [ 71.0354, 19.4974 ], [ 71.0354, 19.4973 ], [ 71.0356, 19.4973 ], [ 71.0356, 19.4972 ], [ 71.0359, 19.4972 ], [ 71.0359, 19.4971 ], [ 71.0362, 19.4971 ], [ 71.0362, 19.497 ], [ 71.0364, 19.497 ], [ 71.0364, 19.4969 ], [ 71.0367, 19.4969 ], [ 71.0367, 19.4968 ], [ 71.0373, 19.4968 ], [ 71.0373, 19.4967 ], [ 71.0375, 19.4967 ], [ 71.0375, 19.4966 ], [ 71.0376, 19.4966 ], [ 71.0376, 19.4959 ], [ 71.0375, 19.4959 ], [ 71.0375, 19.4957 ], [ 71.0374, 19.4957 ], [ 71.0374, 19.4953 ], [ 71.0375, 19.4953 ], [ 71.0375, 19.495 ], [ 71.0376, 19.495 ], [ 71.0376, 19.491 ], [ 71.0375, 19.491 ], [ 71.0375, 19.4909 ], [ 71.0372, 19.4909 ], [ 71.0372, 19.491 ], [ 71.0367, 19.491 ], [ 71.0367, 19.4909 ], [ 71.0366, 19.4909 ], [ 71.0366, 19.491 ], [ 71.0365, 19.491 ], [ 71.0365, 19.4911 ], [ 71.0364, 19.4911 ], [ 71.0364, 19.4913 ], [ 71.0363, 19.4913 ], [ 71.0363, 19.4915 ], [ 71.0361, 19.4915 ], [ 71.0361, 19.4916 ], [ 71.036, 19.4916 ], [ 71.036, 19.4917 ], [ 71.0359, 19.4917 ], [ 71.0359, 19.4918 ], [ 71.0358, 19.4918 ], [ 71.0358, 19.4919 ], [ 71.0357, 19.4919 ], [ 71.0357, 19.492 ], [ 71.0355, 19.492 ], [ 71.0355, 19.4921 ], [ 71.0354, 19.4921 ], [ 71.0354, 19.4922 ], [ 71.0353, 19.4922 ], [ 71.0353, 19.4923 ], [ 71.0351, 19.4923 ], [ 71.0351, 19.4924 ], [ 71.0349, 19.4924 ], [ 71.0349, 19.4925 ], [ 71.0347, 19.4925 ], [ 71.0347, 19.4926 ], [ 71.0345, 19.4926 ], [ 71.0345, 19.4927 ], [ 71.0343, 19.4927 ], [ 71.0343, 19.4928 ], [ 71.034, 19.4928 ], [ 71.034, 19.4929 ], [ 71.0337, 19.4929 ], [ 71.0337, 19.493 ], [ 71.0335, 19.493 ], [ 71.0335, 19.4931 ], [ 71.0333, 19.4931 ], [ 71.0333, 19.4932 ], [ 71.0331, 19.4932 ], [ 71.0331, 19.4933 ], [ 71.0323, 19.4933 ], [ 71.0323, 19.4934 ], [ 71.0315, 19.4934 ], [ 71.0315, 19.4935 ], [ 71.0312, 19.4935 ], [ 71.0312, 19.4936 ], [ 71.031, 19.4936 ], [ 71.031, 19.4937 ], [ 71.0309, 19.4937 ], [ 71.0309, 19.4938 ], [ 71.0308, 19.4938 ], [ 71.0308, 19.4939 ], [ 71.0307, 19.4939 ], [ 71.0307, 19.4941 ], [ 71.0306, 19.4941 ], [ 71.0306, 19.4942 ], [ 71.0305, 19.4942 ], [ 71.0305, 19.4943 ], [ 71.0304, 19.4943 ], [ 71.0304, 19.4944 ], [ 71.0303, 19.4944 ], [ 71.0303, 19.4945 ], [ 71.0302, 19.4945 ], [ 71.0302, 19.4946 ], [ 71.0301, 19.4946 ], [ 71.0301, 19.4948 ], [ 71.03, 19.4948 ], [ 71.03, 19.4952 ], [ 71.0299, 19.4952 ], [ 71.0299, 19.4956 ], [ 71.0298, 19.4956 ], [ 71.0298, 19.4959 ], [ 71.0297, 19.4959 ], [ 71.0297, 19.4964 ], [ 71.0298, 19.4964 ], [ 71.0298, 19.4966 ], [ 71.0299, 19.4966 ], [ 71.0299, 19.4968 ], [ 71.03, 19.4968 ], [ 71.03, 19.497 ], [ 71.0301, 19.497 ], [ 71.0301, 19.4971 ], [ 71.0302, 19.4971 ], [ 71.0302, 19.4972 ], [ 71.0304, 19.4972 ], [ 71.0304, 19.4973 ], [ 71.0306, 19.4973 ], [ 71.0306, 19.4974 ], [ 71.0307, 19.4974 ], [ 71.0307, 19.4975 ], [ 71.0308, 19.4975 ], [ 71.0308, 19.4976 ], [ 71.0309, 19.4976 ], [ 71.0309, 19.4978 ], [ 71.031, 19.4978 ], [ 71.031, 19.4979 ], [ 71.0311, 19.4979 ], [ 71.0311, 19.498 ], [ 71.0312, 19.498 ], [ 71.0312, 19.4981 ], [ 71.0313, 19.4981 ], [ 71.0313, 19.4982 ], [ 71.0314, 19.4982 ], [ 71.0314, 19.4983 ], [ 71.0316, 19.4983 ], [ 71.0316, 19.4984 ] ] ] } },
{ "type": "Feature", "properties": { "slick_id": 4, "centroid": [ 71.003532, 19.492951 ], "bounding_box": [ 70.9992, 19.4873, 71.0089, 19.4975 ], "area_km2": 0.7313, "perimeter_m": 4764.5, "orientation": 65.4, "compactness": 0.4048, "confidence": 0.5382 }, "geometry": { "type": "Polygon", "coordinates": [ [ [ 71.0065, 19.4975 ], [ 71.0073, 19.4975 ], [ 71.0073, 19.4974 ], [ 71.0076, 19.4974 ], [ 71.0076, 19.4973 ], [ 71.0078, 19.4973 ], [ 71.0078, 19.4972 ], [ 71.0081, 19.4972 ], [ 71.0081, 19.4971 ], [ 71.0083, 19.4971 ], [ 71.0083, 19.497 ], [ 71.0084, 19.497 ], [ 71.0084, 19.4969 ], [ 71.0085, 19.4969 ], [ 71.0085, 19.4968 ], [ 71.0086, 19.4968 ], [ 71.0086, 19.4967 ], [ 71.0087, 19.4967 ], [ 71.0087, 19.4965 ], [ 71.0088, 19.4965 ], [ 71.0088, 19.4963 ], [ 71.0089, 19.4963 ], [ 71.0089, 19.4961 ], [ 71.0088, 19.4961 ], [ 71.0088, 19.4958 ], [ 71.0087, 19.4958 ], [ 71.0087, 19.4957 ], [ 71.0086, 19.4957 ], [ 71.0086, 19.4955 ], [ 71.0085, 19.4955 ], [ 71.0085, 19.4954 ], [ 71.0084, 19.4954 ], [ 71.0084, 19.4953 ], [ 71.0083, 19.4953 ], [ 71.0083, 19.4952 ], [ 71.0082, 19.4952 ], [ 71.0082, 19.4951 ], [ 71.0081, 19.4951 ], [ 71.0081, 19.4949 ], [ 71.008, 19.4949 ], [ 71.008, 19.4948 ], [ 71.0079, 19.4948 ], [ 71.0079, 19.4946 ], [ 71.0078, 19.4946 ], [ 71.0078, 19.4945 ], [ 71.0077, 19.4945 ], [ 71.0077, 19.4944 ], [ 71.0076, 19.4944 ], [ 71.0076, 19.4943 ], [ 71.0075, 19.4943 ], [ 71.0075, 19.4941 ], [ 71.0074, 19.4941 ], [ 71.0074, 19.494 ], [ 71.0073, 19.494 ], [ 71.0073, 19.4939 ], [ 71.0072, 19.4939 ], [ 71.0072, 19.4938 ], [ 71.007, 19.4938 ], [ 71.007, 19.4937 ], [ 71.0068, 19.4937 ], [ 71.0068, 19.4936 ], [ 71.0067, 19.4936 ], [ 71.0067, 19.4935 ], [ 71.0066, 19.4935 ], [ 71.0066, 19.4934 ], [ 71.0065, 19.4934 ], [ 71.0065, 19.4933 ], [ 71.0064, 19.4933 ], [ 71.0064, 19.4932 ], [ 71.0063, 19.4932 ], [ 71.0063, 19.4931 ], [ 71.0062, 19.4931 ], [ 71.0062, 19.493 ], [ 71.0061, 19.493 ], [ 71.0061, 19.4928 ], [ 71.006, 19.4928 ], [ 71.006, 19.4927 ], [ 71.0059, 19.4927 ], [ 71.0059, 19.4925 ], [ 71.0058, 19.4925 ], [ 71.0058, 19.4924 ], [ 71.0057, 19.4924 ], [ 71.0057, 19.4923 ], [ 71.0056, 19.4923 ], [ 71.0056, 19.492 ], [ 71.0055, 19.492 ], [ 71.0055, 19.4916 ], [ 71.0054, 19.4916 ], [ 71.0054, 19.4909 ], [ 71.0053, 19.4909 ], [ 71.0053, 19.4905 ], [ 71.0052, 19.4905 ], [ 71.0052, 19.4897 ], [ 71.0053, 19.4897 ], [ 71.0053, 19.4888 ], [ 71.0052, 19.4888 ], [ 71.0052, 19.4884 ], [ 71.0051, 19.4884 ], [ 71.0051, 19.4879 ], [ 71.005, 19.4879 ], [ 71.005, 19.4875 ], [ 71.0049, 19.4875 ], [ 71.0049, 19.4874 ], [ 71.0047, 19.4874 ], [ 71.0047, 19.4873 ], [ 71.0034, 19.4873 ], [ 71.0034, 19.4874 ], [ 71.003, 19.4874 ], [ 71.003, 19.4875 ], [ 71.0022, 19.4875 ], [ 71.0022, 19.4876 ], [ 71.0018, 19.4876 ], [ 71.0018, 19.4877 ], [ 71.0016, 19.4877 ], [ 71.0016, 19.4878 ], [ 71.0015, 19.4878 ], [ 71.0015, 19.4879 ], [ 71.0014, 19.4879 ], [ 71.0014, 19.488 ], [ 71.0013, 19.488 ], [ 71.0013, 19.4885 ], [ 71.0014, 19.4885 ], [ 71.0014, 19.4888 ], [ 71.0015, 19.4888 ], [ 71.0015, 19.4891 ], [ 71.0014, 19.4891 ], [ 71.0014, 19.4892 ], [ 71.0013, 19.4892 ], [ 71.0013, 19.4894 ], [ 71.0012, 19.4894 ], [ 71.0012, 19.4899 ], [ 71.0011, 19.4899 ], [ 71.0011, 19.4901 ], [ 71.0009, 19.4901 ], [ 71.0009, 19.4902 ], [ 71.0007, 19.4902 ], [ 71.0007, 19.4901 ], [ 71.0005, 19.4901 ], [ 71.0005, 19.49 ], [ 71.0003, 19.49 ], [ 71.0003, 19.4899 ], [ 70.9996, 19.4899 ], [ 70.9996, 19.49 ], [ 70.9994, 19.49 ], [ 70.9994, 19.4901 ], [ 70.9993, 19.4901 ], [ 70.9993, 19.4902 ], [ 70.9992, 19.4902 ], [ 70.9992, 19.4908 ], [ 70.9993, 19.4908 ], [ 70.9993, 19.4911 ], [ 70.9994, 19.4911 ], [ 70.9994, 19.4914 ], [ 70.9995, 19.4914 ], [ 70.9995, 19.4915 ], [ 70.9996, 19.4915 ], [ 70.9996, 19.4916 ], [ 70.9997, 19.4916 ], [ 70.9997, 19.4917 ], [ 70.9998, 19.4917 ], [ 70.9998, 19.4918 ], [ 71.0, 19.4918 ], [ 71.0, 19.4919 ], [ 71.0001, 19.4919 ], [ 71.0001, 19.4921 ], [ 71.0002, 19.4921 ], [ 71.0002, 19.4924 ], [ 71.0001, 19.4924 ], [ 71.0001, 19.4928 ], [ 71.0, 19.4928 ], [ 71.0, 19.493 ], [ 70.9999, 19.493 ], [ 70.9999, 19.4931 ], [ 70.9998, 19.4931 ], [ 70.9998, 19.4933 ], [ 70.9997, 19.4933 ], [ 70.9997, 19.4937 ], [ 70.9996, 19.4937 ], [ 70.9996, 19.4941 ], [ 70.9995, 19.4941 ], [ 70.9995, 19.4947 ], [ 70.9994, 19.4947 ], [ 70.9994, 19.4949 ], [ 70.9993, 19.4949 ], [ 70.9993, 19.4952 ], [ 70.9994, 19.4952 ], [ 70.9994, 19.4953 ], [ 70.9999, 19.4953 ], [ 70.9999, 19.4954 ], [ 71.0001, 19.4954 ], [ 71.0001, 19.4955 ], [ 71.0002, 19.4955 ], [ 71.0002, 19.4956 ], [ 71.0003, 19.4956 ], [ 71.0003, 19.4958 ], [ 71.0004, 19.4958 ], [ 71.0004, 19.4959 ], [ 71.0006, 19.4959 ], [ 71.0006, 19.496 ], [ 71.0007, 19.496 ], [ 71.0007, 19.4961 ], [ 71.0008, 19.4961 ], [ 71.0008, 19.4962 ], [ 71.001, 19.4962 ], [ 71.001, 19.4963 ], [ 71.0012, 19.4963 ], [ 71.0012, 19.4964 ], [ 71.0015, 19.4964 ], [ 71.0015, 19.4965 ], [ 71.0018, 19.4965 ], [ 71.0018, 19.4966 ], [ 71.002, 19.4966 ], [ 71.002, 19.4967 ], [ 71.0022, 19.4967 ], [ 71.0022, 19.4968 ], [ 71.0024, 19.4968 ], [ 71.0024, 19.4969 ], [ 71.0047, 19.4969 ], [ 71.0047, 19.497 ], [ 71.0049, 19.497 ], [ 71.0049, 19.4971 ], [ 71.0054, 19.4971 ], [ 71.0054, 19.4972 ], [ 71.006, 19.4972 ], [ 71.006, 19.4973 ], [ 71.0062, 19.4973 ], [ 71.0062, 19.4974 ], [ 71.0065, 19.4974 ], [ 71.0065, 19.4975 ] ] ] } },
{ "type": "Feature", "properties": { "slick_id": 5, "centroid": [ 71.08011, 19.481287 ], "bounding_box": [ 71.0774, 19.4783, 71.0826, 19.4848 ], "area_km2": 0.2559, "perimeter_m": 2738.47, "orientation": 74.88, "compactness": 0.4288, "confidence": 0.3998 }, "geometry": { "type": "Polygon", "coordinates": [ [ [ 71.081, 19.4848 ], [ 71.0815, 19.4848 ], [ 71.0815, 19.4847 ], [ 71.0816, 19.4847 ], [ 71.0816, 19.4836 ], [ 71.0818, 19.4836 ], [ 71.0818, 19.4835 ], [ 71.0824, 19.4835 ], [ 71.0824, 19.4834 ], [ 71.0825, 19.4834 ], [ 71.0825, 19.4832 ], [ 71.0826, 19.4832 ], [ 71.0826, 19.4829 ], [ 71.0825, 19.4829 ], [ 71.0825, 19.4826 ], [ 71.0824, 19.4826 ], [ 71.0824, 19.4822 ], [ 71.0823, 19.4822 ], [ 71.0823, 19.482 ], [ 71.0822, 19.482 ], [ 71.0822, 19.4818 ], [ 71.0821, 19.4818 ], [ 71.0821, 19.4817 ], [ 71.082, 19.4817 ], [ 71.082, 19.4815 ], [ 71.0819, 19.4815 ], [ 71.0819, 19.4814 ], [ 71.0818, 19.4814 ], [ 71.0818, 19.4804 ], [ 71.0817, 19.4804 ], [ 71.0817, 19.4799 ], [ 71.0816, 19.4799 ], [ 71.0816, 19.4792 ], [ 71.0815, 19.4792 ], [ 71.0815, 19.4791 ], [ 71.0814, 19.4791 ], [ 71.0814, 19.479 ], [ 71.0813, 19.479 ], [ 71.0813, 19.4789 ], [ 71.0812, 19.4789 ], [ 71.0812, 19.4788 ], [ 71.0811, 19.4788 ], [ 71.0811, 19.4787 ], [ 71.0809, 19.4787 ], [ 71.0809, 19.4786 ], [ 71.0808, 19.4786 ], [ 71.0808, 19.4785 ], [ 71.0807, 19.4785 ], [ 71.0807, 19.4784 ], [ 71.0804, 19.4784 ], [ 71.0804, 19.4783 ], [ 71.0799, 19.4783 ], [ 71.0799, 19.4784 ], [ 71.0796, 19.4784 ], [ 71.0796, 19.4785 ], [ 71.0795, 19.4785 ], [ 71.0795, 19.4786 ], [ 71.0793, 19.4786 ], [ 71.0793, 19.4787 ], [ 71.079, 19.4787 ], [ 71.079, 19.4788 ], [ 71.0785, 19.4788 ], [ 71.0785, 19.4787 ], [ 71.0783, 19.4787 ], [ 71.0783, 19.4786 ], [ 71.0782, 19.4786 ], [ 71.0782, 19.4785 ], [ 71.078, 19.4785 ], [ 71.078, 19.4784 ], [ 71.0775, 19.4784 ], [ 71.0775, 19.4785 ], [ 71.0774, 19.4785 ], [ 71.0774, 19.479 ], [ 71.0775, 19.479 ], [ 71.0775, 19.4793 ], [ 71.0776, 19.4793 ], [ 71.0776, 19.4795 ], [ 71.0777, 19.4795 ], [ 71.0777, 19.4796 ], [ 71.0778, 19.4796 ], [ 71.0778, 19.4798 ], [ 71.0779, 19.4798 ], [ 71.0779, 19.48 ], [ 71.078, 19.48 ], [ 71.078, 19.4801 ], [ 71.0781, 19.4801 ], [ 71.0781, 19.4803 ], [ 71.0782, 19.4803 ], [ 71.0782, 19.4808 ], [ 71.0781, 19.4808 ], [ 71.0781, 19.4809 ], [ 71.078, 19.4809 ], [ 71.078, 19.4814 ], [ 71.0781, 19.4814 ], [ 71.0781, 19.4815 ], [ 71.0782, 19.4815 ], [ 71.0782, 19.4816 ], [ 71.0783, 19.4816 ], [ 71.0783, 19.4817 ], [ 71.0784, 19.4817 ], [ 71.0784, 19.482 ], [ 71.0785, 19.482 ], [ 71.0785, 19.4823 ], [ 71.0786, 19.4823 ], [ 71.0786, 19.4825 ], [ 71.0787, 19.4825 ], [ 71.0787, 19.4828 ], [ 71.0788, 19.4828 ], [ 71.0788, 19.4831 ], [ 71.0789, 19.4831 ], [ 71.0789, 19.4833 ], [ 71.079, 19.4833 ], [ 71.079, 19.4834 ], [ 71.0791, 19.4834 ], [ 71.0791, 19.4835 ], [ 71.0792, 19.4835 ], [ 71.0792, 19.4836 ], [ 71.0793, 19.4836 ], [ 71.0793, 19.4837 ], [ 71.0795, 19.4837 ], [ 71.0795, 19.4838 ], [ 71.0796, 19.4838 ], [ 71.0796, 19.4839 ], [ 71.0798, 19.4839 ], [ 71.0798, 19.484 ], [ 71.08, 19.484 ], [ 71.08, 19.4841 ], [ 71.0801, 19.4841 ], [ 71.0801, 19.4842 ], [ 71.0802, 19.4842 ], [ 71.0802, 19.4843 ], [ 71.0803, 19.4843 ], [ 71.0803, 19.4844 ], [ 71.0805, 19.4844 ], [ 71.0805, 19.4845 ], [ 71.0806, 19.4845 ], [ 71.0806, 19.4846 ], [ 71.0808, 19.4846 ], [ 71.0808, 19.4847 ], [ 71.081, 19.4847 ], [ 71.081, 19.4848 ] ] ] } },
{ "type": "Feature", "properties": { "slick_id": 6, "centroid": [ 70.79292, 19.478305 ], "bounding_box": [ 70.7907, 19.4758, 70.7955, 19.4806 ], "area_km2": 0.1963, "perimeter_m": 2204.14, "orientation": 67.38, "compactness": 0.5077, "confidence": 0.3758 }, "geometry": { "type": "Polygon", "coordinates": [ [ [ 70.7936, 19.4806 ], [ 70.7943, 19.4806 ], [ 70.7943, 19.4805 ], [ 70.7946, 19.4805 ], [ 70.7946, 19.4804 ], [ 70.7947, 19.4804 ], [ 70.7947, 19.4803 ], [ 70.7948, 19.4803 ], [ 70.7948, 19.4802 ], [ 70.7949, 19.4802 ], [ 70.7949, 19.4801 ], [ 70.795, 19.4801 ], [ 70.795, 19.4799 ], [ 70.7952, 19.4799 ], [ 70.7952, 19.4798 ], [ 70.7953, 19.4798 ], [ 70.7953, 19.4797 ], [ 70.7954, 19.4797 ], [ 70.7954, 19.4795 ], [ 70.7955, 19.4795 ], [ 70.7955, 19.4793 ], [ 70.7954, 19.4793 ], [ 70.7954, 19.4791 ], [ 70.7953, 19.4791 ], [ 70.7953, 19.479 ], [ 70.7952, 19.479 ], [ 70.7952, 19.4789 ], [ 70.795, 19.4789 ], [ 70.795, 19.4788 ], [ 70.7948, 19.4788 ], [ 70.7948, 19.4783 ], [ 70.7949, 19.4783 ], [ 70.7949, 19.4781 ], [ 70.7948, 19.4781 ], [ 70.7948, 19.478 ], [ 70.7947, 19.478 ], [ 70.7947, 19.4779 ], [ 70.7945, 19.4779 ], [ 70.7945, 19.4778 ], [ 70.7943, 19.4778 ], [ 70.7943, 19.4775 ], [ 70.7944, 19.4775 ], [ 70.7944, 19.4774 ], [ 70.7945, 19.4774 ], [ 70.7945, 19.4769 ], [ 70.7944, 19.4769 ], [ 70.7944, 19.4768 ], [ 70.7943, 19.4768 ], [ 70.7943, 19.4767 ], [ 70.7941, 19.4767 ], [ 70.7941, 19.4766 ], [ 70.7939, 19.4766 ], [ 70.7939, 19.4765 ], [ 70.7937, 19.4765 ], [ 70.7937, 19.4764 ], [ 70.7936, 19.4764 ], [ 70.7936, 19.4763 ], [ 70.7935, 19.4763 ], [ 70.7935, 19.4762 ], [ 70.7934, 19.4762 ], [ 70.7934, 19.4761 ], [ 70.7932, 19.4761 ], [ 70.7932, 19.476 ], [ 70.7929, 19.476 ], [ 70.7929, 19.4759 ], [ 70.7925, 19.4759 ], [ 70.7925, 19.4758 ], [ 70.792, 19.4758 ], [ 70.792, 19.4759 ], [ 70.7918, 19.4759 ], [ 70.7918, 19.476 ], [ 70.7917, 19.476 ], [ 70.7917, 19.4761 ], [ 70.7915, 19.4761 ], [ 70.7915, 19.4762 ], [ 70.7914, 19.4762 ], [ 70.7914, 19.4763 ], [ 70.7913, 19.4763 ], [ 70.7913, 19.4764 ], [ 70.7912, 19.4764 ], [ 70.7912, 19.4765 ], [ 70.7911, 19.4765 ], [ 70.7911, 19.4766 ], [ 70.791, 19.4766 ], [ 70.791, 19.477 ], [ 70.7909, 19.477 ], [ 70.7909, 19.4771 ], [ 70.7908, 19.4771 ], [ 70.7908, 19.4773 ], [ 70.7907, 19.4773 ], [ 70.7907, 19.4784 ], [ 70.7908, 19.4784 ], [ 70.7908, 19.4785 ], [ 70.7909, 19.4785 ], [ 70.7909, 19.4787 ], [ 70.791, 19.4787 ], [ 70.791, 19.4791 ], [ 70.7911, 19.4791 ], [ 70.7911, 19.4794 ], [ 70.7912, 19.4794 ], [ 70.7912, 19.4795 ], [ 70.7913, 19.4795 ], [ 70.7913, 19.4796 ], [ 70.7914, 19.4796 ], [ 70.7914, 19.4797 ], [ 70.7915, 19.4797 ], [ 70.7915, 19.4798 ], [ 70.7916, 19.4798 ], [ 70.7916, 19.4799 ], [ 70.7917, 19.4799 ], [ 70.7917, 19.48 ], [ 70.7919, 19.48 ], [ 70.7919, 19.4801 ], [ 70.7922, 19.4801 ], [ 70.7922, 19.4802 ], [ 70.7925, 19.4802 ], [ 70.7925, 19.4803 ], [ 70.7927, 19.4803 ], [ 70.7927, 19.4804 ], [ 70.7929, 19.4804 ], [ 70.7929, 19.4805 ], [ 70.7936, 19.4805 ], [ 70.7936, 19.4806 ] ] ] } },
{ "type": "Feature", "properties": { "slick_id": 7, "centroid": [ 70.994306, 19.475482 ], "bounding_box": [ 70.9936, 19.4744, 70.9949, 19.4765 ], "area_km2": 0.0248, "perimeter_m": 756.98, "orientation": 108.43, "compactness": 0.5435, "confidence": 0.3418 }, "geometry": { "type": "Polygon", "coordinates": [ [ [ 70.9944, 19.4765 ], [ 70.9946, 19.4765 ], [ 70.9946, 19.4764 ], [ 70.9947, 19.4764 ], [ 70.9947, 19.4763 ], [ 70.9948, 19.4763 ], [ 70.9948, 19.476 ], [ 70.9949, 19.476 ], [ 70.9949, 19.475 ], [ 70.9948, 19.475 ], [ 70.9948, 19.4748 ], [ 70.9947, 19.4748 ], [ 70.9947, 19.4746 ], [ 70.9946, 19.4746 ], [ 70.9946, 19.4745 ], [ 70.9943, 19.4745 ], [ 70.9943, 19.4744 ], [ 70.9941, 19.4744 ], [ 70.9941, 19.4745 ], [ 70.994, 19.4745 ], [ 70.994, 19.4746 ], [ 70.9939, 19.4746 ], [ 70.9939, 19.4751 ], [ 70.9938, 19.4751 ], [ 70.9938, 19.4752 ], [ 70.9937, 19.4752 ], [ 70.9937, 19.4755 ], [ 70.9936, 19.4755 ], [ 70.9936, 19.4759 ], [ 70.9937, 19.4759 ], [ 70.9937, 19.476 ], [ 70.9938, 19.476 ], [ 70.9938, 19.4762 ], [ 70.9939, 19.4762 ], [ 70.9939, 19.4763 ], [ 70.9941, 19.4763 ], [ 70.9941, 19.4764 ], [ 70.9944, 19.4764 ], [ 70.9944, 19.4765 ] ] ] } },
{ "type": "Feature", "properties": { "slick_id": 8, "centroid": [ 71.057594, 19.466332 ], "bounding_box": [ 71.0551, 19.4636, 71.0595, 19.4687 ], "area_km2": 0.1612, "perimeter_m": 2426.78, "orientation": 100.3, "compactness": 0.344, "confidence": 0.3563 }, "geometry": { "type": "Polygon", "coordinates": [ [ [ 71.0574, 19.4687 ], [ 71.0579, 19.4687 ], [ 71.0579, 19.4686 ], [ 71.0581, 19.4686 ], [ 71.0581, 19.4685 ], [ 71.0582, 19.4685 ], [ 71.0582, 19.4684 ], [ 71.0583, 19.4684 ], [ 71.0583, 19.4683 ], [ 71.0585, 19.4683 ], [ 71.0585, 19.4682 ], [ 71.0587, 19.4682 ], [ 71.0587, 19.4681 ], [ 71.0589, 19.4681 ], [ 71.0589, 19.468 ], [ 71.059, 19.468 ], [ 71.059, 19.4679 ], [ 71.0591, 19.4679 ], [ 71.0591, 19.4678 ], [ 71.0592, 19.4678 ], [ 71.0592, 19.4674 ], [ 71.0593, 19.4674 ], [ 71.0593, 19.4673 ], [ 71.0592, 19.4673 ], [ 71.0592, 19.4668 ], [ 71.0591, 19.4668 ], [ 71.0591, 19.4667 ], [ 71.059, 19.4667 ], [ 71.059, 19.4665 ], [ 71.0589, 19.4665 ], [ 71.0589, 19.4658 ], [ 71.059, 19.4658 ], [ 71.059, 19.4657 ], [ 71.0591, 19.4657 ], [ 71.0591, 19.4655 ], [ 71.0592, 19.4655 ], [ 71.0592, 19.4647 ], [ 71.0593, 19.4647 ], [ 71.0593, 19.4645 ], [ 71.0594, 19.4645 ], [ 71.0594, 19.4644 ], [ 71.0595, 19.4644 ], [ 71.0595, 19.464 ], [ 71.0594, 19.464 ], [ 71.0594, 19.4639 ], [ 71.0593, 19.4639 ], [ 71.0593, 19.464 ], [ 71.0592, 19.464 ], [ 71.0592, 19.4643 ], [ 71.059, 19.4643 ], [ 71.059, 19.4644 ], [ 71.0586, 19.4644 ], [ 71.0586, 19.4645 ], [ 71.0585, 19.4645 ], [ 71.0585, 19.4644 ], [ 71.0583, 19.4644 ], [ 71.0583, 19.4639 ], [ 71.0584, 19.4639 ], [ 71.0584, 19.4637 ], [ 71.0583, 19.4637 ], [ 71.0583, 19.4636 ], [ 71.0576, 19.4636 ], [ 71.0576, 19.4637 ], [ 71.0574, 19.4637 ], [ 71.0574, 19.4638 ], [ 71.0572, 19.4638 ], [ 71.0572, 19.4639 ], [ 71.0571, 19.4639 ], [ 71.0571, 19.464 ], [ 71.057, 19.464 ], [ 71.057, 19.4641 ], [ 71.0569, 19.4641 ], [ 71.0569, 19.4642 ], [ 71.0568, 19.4642 ], [ 71.0568, 19.4647 ], [ 71.0567, 19.4647 ], [ 71.0567, 19.465 ], [ 71.0566, 19.465 ], [ 71.0566, 19.4653 ], [ 71.0565, 19.4653 ], [ 71.0565, 19.4657 ], [ 71.0564, 19.4657 ], [ 71.0564, 19.466 ], [ 71.0563, 19.466 ], [ 71.0563, 19.4663 ], [ 71.0562, 19.4663 ], [ 71.0562, 19.4665 ], [ 71.0561, 19.4665 ], [ 71.0561, 19.4666 ], [ 71.056, 19.4666 ], [ 71.056, 19.4668 ], [ 71.0559, 19.4668 ], [ 71.0559, 19.4669 ], [ 71.0558, 19.4669 ], [ 71.0558, 19.4671 ], [ 71.0557, 19.4671 ], [ 71.0557, 19.4673 ], [ 71.0556, 19.4673 ], [ 71.0556, 19.4674 ], [ 71.0555, 19.4674 ], [ 71.0555, 19.4675 ], [ 71.0554, 19.4675 ], [ 71.0554, 19.4676 ], [ 71.0553, 19.4676 ], [ 71.0553, 19.4677 ], [ 71.0552, 19.4677 ], [ 71.0552, 19.4678 ], [ 71.0551, 19.4678 ], [ 71.0551, 19.4682 ], [ 71.0552, 19.4682 ], [ 71.0552, 19.4683 ], [ 71.0555, 19.4683 ], [ 71.0555, 19.4682 ], [ 71.0556, 19.4682 ], [ 71.0556, 19.4681 ], [ 71.0558, 19.4681 ], [ 71.0558, 19.468 ], [ 71.056, 19.468 ], [ 71.056, 19.4681 ], [ 71.0568, 19.4681 ], [ 71.0568, 19.4682 ], [ 71.057, 19.4682 ], [ 71.057, 19.4683 ], [ 71.0571, 19.4683 ], [ 71.0571, 19.4685 ], [ 71.0572, 19.4685 ], [ 71.0572, 19.4686 ], [ 71.0574, 19.4686 ], [ 71.0574, 19.4687 ] ] ] } },
{ "type": "Feature", "properties": { "slick_id": 9, "centroid": [ 71.019185, 19.466691 ], "bounding_box": [ 71.0162, 19.463, 71.0228, 19.4704 ], "area_km2": 0.1921, "perimeter_m": 3629.03, "orientation": 45.0, "compactness": 0.1833, "confidence": 0.3362 }, "geometry": { "type": "Polygon", "coordinates": [ [ [ 71.0218, 19.4704 ], [ 71.0222, 19.4704 ], [ 71.0222, 19.4703 ], [ 71.0223, 19.4703 ], [ 71.0223, 19.4702 ], [ 71.0224, 19.4702 ], [ 71.0224, 19.47 ], [ 71.0225, 19.47 ], [ 71.0225, 19.4699 ], [ 71.0226, 19.4699 ], [ 71.0226, 19.4698 ], [ 71.0227, 19.4698 ], [ 71.0227, 19.4697 ], [ 71.0228, 19.4697 ], [ 71.0228, 19.4693 ], [ 71.0227, 19.4693 ], [ 71.0227, 19.4692 ], [ 71.0226, 19.4692 ], [ 71.0226, 19.4691 ], [ 71.0225, 19.4691 ], [ 71.0225, 19.469 ], [ 71.0224, 19.469 ], [ 71.0224, 19.4689 ], [ 71.0223, 19.4689 ], [ 71.0223, 19.4688 ], [ 71.0222, 19.4688 ], [ 71.0222, 19.4687 ], [ 71.022, 19.4687 ], [ 71.022, 19.4686 ], [ 71.0218, 19.4686 ], [ 71.0218, 19.4685 ], [ 71.0213, 19.4685 ], [ 71.0213, 19.4684 ], [ 71.0211, 19.4684 ], [ 71.0211, 19.4682 ], [ 71.021, 19.4682 ], [ 71.021, 19.4681 ], [ 71.0209, 19.4681 ], [ 71.0209, 19.468 ], [ 71.0207, 19.468 ], [ 71.0207, 19.4679 ], [ 71.0206, 19.4679 ], [ 71.0206, 19.4676 ], [ 71.0208, 19.4676 ], [ 71.0208, 19.4675 ], [ 71.0209, 19.4675 ], [ 71.0209, 19.4674 ], [ 71.021, 19.4674 ], [ 71.021, 19.4669 ], [ 71.0209, 19.4669 ], [ 71.0209, 19.4668 ], [ 71.0206, 19.4668 ], [ 71.0206, 19.4667 ], [ 71.0204, 19.4667 ], [ 71.0204, 19.4666 ], [ 71.0203, 19.4666 ], [ 71.0203, 19.4665 ], [ 71.0202, 19.4665 ], [ 71.0202, 19.4663 ], [ 71.0201, 19.4663 ], [ 71.0201, 19.4661 ], [ 71.02, 19.4661 ], [ 71.02, 19.4659 ], [ 71.0199, 19.4659 ], [ 71.0199, 19.4657 ], [ 71.0198, 19.4657 ], [ 71.0198, 19.4656 ], [ 71.0197, 19.4656 ], [ 71.0197, 19.4655 ], [ 71.0196, 19.4655 ], [ 71.0196, 19.4654 ], [ 71.0195, 19.4654 ], [ 71.0195, 19.4653 ], [ 71.0192, 19.4653 ], [ 71.0192, 19.4652 ], [ 71.019, 19.4652 ], [ 71.019, 19.4651 ], [ 71.0189, 19.4651 ], [ 71.0189, 19.4648 ], [ 71.0188, 19.4648 ], [ 71.0188, 19.4645 ], [ 71.0187, 19.4645 ], [ 71.0187, 19.4644 ], [ 71.0186, 19.4644 ], [ 71.0186, 19.4643 ], [ 71.0185, 19.4643 ], [ 71.0185, 19.4642 ], [ 71.0184, 19.4642 ], [ 71.0184, 19.4641 ], [ 71.0183, 19.4641 ], [ 71.0183, 19.464 ], [ 71.0182, 19.464 ], [ 71.0182, 19.4638 ], [ 71.0181, 19.4638 ], [ 71.0181, 19.4637 ], [ 71.018, 19.4637 ], [ 71.018, 19.4636 ], [ 71.0179, 19.4636 ], [ 71.0179, 19.4635 ], [ 71.0178, 19.4635 ], [ 71.0178, 19.4634 ], [ 71.0177, 19.4634 ], [ 71.0177, 19.4633 ], [ 71.0176, 19.4633 ], [ 71.0176, 19.4632 ], [ 71.0175, 19.4632 ], [ 71.0175, 19.4631 ], [ 71.0173, 19.4631 ], [ 71.0173, 19.463 ], [ 71.0169, 19.463 ], [ 71.0169, 19.4631 ], [ 71.0168, 19.4631 ], [ 71.0168, 19.4632 ], [ 71.0167, 19.4632 ], [ 71.0167, 19.4636 ], [ 71.0166, 19.4636 ], [ 71.0166, 19.464 ], [ 71.0167, 19.464 ], [ 71.0167, 19.4643 ], [ 71.0166, 19.4643 ], [ 71.0166, 19.4647 ], [ 71.0165, 19.4647 ], [ 71.0165, 19.4648 ], [ 71.0164, 19.4648 ], [ 71.0164, 19.466 ], [ 71.0163, 19.466 ], [ 71.0163, 19.4661 ], [ 71.0162, 19.4661 ], [ 71.0162, 19.4662 ], [ 71.0163, 19.4662 ], [ 71.0163, 19.4663 ], [ 71.0164, 19.4663 ], [ 71.0164, 19.4662 ], [ 71.0166, 19.4662 ], [ 71.0166, 19.4661 ], [ 71.0167, 19.4661 ], [ 71.0167, 19.466 ], [ 71.0168, 19.466 ], [ 71.0168, 19.4659 ], [ 71.017, 19.4659 ], [ 71.017, 19.4658 ], [ 71.0171, 19.4658 ], [ 71.0171, 19.4657 ], [ 71.0172, 19.4657 ], [ 71.0172, 19.4656 ], [ 71.0174, 19.4656 ], [ 71.0174, 19.4655 ], [ 71.0177, 19.4655 ], [ 71.0177, 19.4656 ], [ 71.0179, 19.4656 ], [ 71.0179, 19.4661 ], [ 71.0178, 19.4661 ], [ 71.0178, 19.4663 ], [ 71.0177, 19.4663 ], [ 71.0177, 19.4664 ], [ 71.0176, 19.4664 ], [ 71.0176, 19.4665 ], [ 71.0175, 19.4665 ], [ 71.0175, 19.4666 ], [ 71.0174, 19.4666 ], [ 71.0174, 19.4668 ], [ 71.0173, 19.4668 ], [ 71.0173, 19.4671 ], [ 71.0174, 19.4671 ], [ 71.0174, 19.4672 ], [ 71.0175, 19.4672 ], [ 71.0175, 19.4673 ], [ 71.0176, 19.4673 ], [ 71.0176, 19.4675 ], [ 71.0177, 19.4675 ], [ 71.0177, 19.4676 ], [ 71.018, 19.4676 ], [ 71.018, 19.4675 ], [ 71.0184, 19.4675 ], [ 71.0184, 19.4674 ], [ 71.0186, 19.4674 ], [ 71.0186, 19.4673 ], [ 71.0188, 19.4673 ], [ 71.0188, 19.4672 ], [ 71.0189, 19.4672 ], [ 71.0189, 19.4673 ], [ 71.0191, 19.4673 ], [ 71.0191, 19.4676 ], [ 71.0192, 19.4676 ], [ 71.0192, 19.4678 ], [ 71.0193, 19.4678 ], [ 71.0193, 19.4679 ], [ 71.0194, 19.4679 ], [ 71.0194, 19.468 ], [ 71.0195, 19.468 ], [ 71.0195, 19.4682 ], [ 71.0196, 19.4682 ], [ 71.0196, 19.4687 ], [ 71.0197, 19.4687 ], [ 71.0197, 19.4688 ], [ 71.0198, 19.4688 ], [ 71.0198, 19.4689 ], [ 71.0199, 19.4689 ], [ 71.0199, 19.469 ], [ 71.0201, 19.469 ], [ 71.0201, 19.4691 ], [ 71.0202, 19.4691 ], [ 71.0202, 19.4692 ], [ 71.0204, 19.4692 ], [ 71.0204, 19.4693 ], [ 71.0205, 19.4693 ], [ 71.0205, 19.4694 ], [ 71.0206, 19.4694 ], [ 71.0206, 19.4695 ], [ 71.0207, 19.4695 ], [ 71.0207, 19.4696 ], [ 71.0208, 19.4696 ], [ 71.0208, 19.4697 ], [ 71.0209, 19.4697 ], [ 71.0209, 19.4698 ], [ 71.0212, 19.4698 ], [ 71.0212, 19.4699 ], [ 71.0214, 19.4699 ], [ 71.0214, 19.47 ], [ 71.0215, 19.47 ], [ 71.0215, 19.4701 ], [ 71.0216, 19.4701 ], [ 71.0216, 19.4702 ], [ 71.0217, 19.4702 ], [ 71.0217, 19.4703 ], [ 71.0218, 19.4703 ], [ 71.0218, 19.4704 ] ] ] } },
{ "type": "Feature", "properties": { "slick_id": 10, "centroid": [ 71.025797, 19.441111 ], "bounding_box": [ 71.0248, 19.4405, 71.0268, 19.4419 ], "area_km2": 0.0195, "perimeter_m": 756.98, "orientation": 21.8, "compactness": 0.4267, "confidence": 0.3202 }, "geometry": { "type": "Polygon", "coordinates": [ [ [ 71.0265, 19.4419 ], [ 71.0267, 19.4419 ], [ 71.0267, 19.4418 ], [ 71.0268, 19.4418 ], [ 71.0268, 19.4417 ], [ 71.0267, 19.4417 ], [ 71.0267, 19.4414 ], [ 71.0266, 19.4414 ], [ 71.0266, 19.4413 ], [ 71.0265, 19.4413 ], [ 71.0265, 19.4411 ], [ 71.0264, 19.4411 ], [ 71.0264, 19.4409 ], [ 71.0263, 19.4409 ], [ 71.0263, 19.4407 ], [ 71.0262, 19.4407 ], [ 71.0262, 19.4406 ], [ 71.026, 19.4406 ], [ 71.026, 19.4405 ], [ 71.0255, 19.4405 ], [ 71.0255, 19.4406 ], [ 71.0249, 19.4406 ], [ 71.0249, 19.4407 ], [ 71.0248, 19.4407 ], [ 71.0248, 19.4411 ], [ 71.0249, 19.4411 ], [ 71.0249, 19.4412 ], [ 71.0251, 19.4412 ], [ 71.0251, 19.4413 ], [ 71.0253, 19.4413 ], [ 71.0253, 19.4414 ], [ 71.0255, 19.4414 ], [ 71.0255, 19.4415 ], [ 71.0258, 19.4415 ], [ 71.0258, 19.4416 ], [ 71.0261, 19.4416 ], [ 71.0261, 19.4417 ], [ 71.0263, 19.4417 ], [ 71.0263, 19.4418 ], [ 71.0265, 19.4418 ], [ 71.0265, 19.4419 ] ] ] } },
{ "type": "Feature", "properties": { "slick_id": 11, "centroid": [ 70.691586, 19.437974 ], "bounding_box": [ 70.6906, 19.4372, 70.6924, 19.4387 ], "area_km2": 0.0178, "perimeter_m": 734.71, "orientation": 146.31, "compactness": 0.4154, "confidence": 0.3516 }, "geometry": { "type": "Polygon", "coordinates": [ [ [ 70.691, 19.4387 ], [ 70.6911, 19.4387 ], [ 70.6911, 19.4386 ], [ 70.6915, 19.4386 ], [ 70.6915, 19.4385 ], [ 70.6917, 19.4385 ], [ 70.6917, 19.4384 ], [ 70.6919, 19.4384 ], [ 70.6919, 19.4383 ], [ 70.692, 19.4383 ], [ 70.692, 19.4382 ], [ 70.6921, 19.4382 ], [ 70.6921, 19.4381 ], [ 70.6922, 19.4381 ], [ 70.6922, 19.438 ], [ 70.6923, 19.438 ], [ 70.6923, 19.4379 ], [ 70.6924, 19.4379 ], [ 70.6924, 19.4374 ], [ 70.6923, 19.4374 ], [ 70.6923, 19.4373 ], [ 70.6922, 19.4373 ], [ 70.6922, 19.4372 ], [ 70.692, 19.4372 ], [ 70.692, 19.4373 ], [ 70.6918, 19.4373 ], [ 70.6918, 19.4374 ], [ 70.6917, 19.4374 ], [ 70.6917, 19.4375 ], [ 70.6915, 19.4375 ], [ 70.6915, 19.4376 ], [ 70.6913, 19.4376 ], [ 70.6913, 19.4377 ], [ 70.6912, 19.4377 ], [ 70.6912, 19.4378 ], [ 70.691, 19.4378 ], [ 70.691, 19.4379 ], [ 70.6909, 19.4379 ], [ 70.6909, 19.438 ], [ 70.6908, 19.438 ], [ 70.6908, 19.4381 ], [ 70.6907, 19.4381 ], [ 70.6907, 19.4382 ], [ 70.6906, 19.4382 ], [ 70.6906, 19.4383 ], [ 70.6907, 19.4383 ], [ 70.6907, 19.4384 ], [ 70.6908, 19.4384 ], [ 70.6908, 19.4385 ], [ 70.6909, 19.4385 ], [ 70.6909, 19.4386 ], [ 70.691, 19.4386 ], [ 70.691, 19.4387 ] ] ] } },
{ "type": "Feature", "properties": { "slick_id": 12, "centroid": [ 70.760878, 19.431304 ], "bounding_box": [ 70.7596, 19.43, 70.7622, 19.4324 ], "area_km2": 0.0343, "perimeter_m": 1291.31, "orientation": 140.19, "compactness": 0.2587, "confidence": 0.3205 }, "geometry": { "type": "Polygon", "coordinates": [ [ [ 70.7604, 19.4324 ], [ 70.7608, 19.4324 ], [ 70.7608, 19.4323 ], [ 70.7609, 19.4323 ], [ 70.7609, 19.4322 ], [ 70.761, 19.4322 ], [ 70.761, 19.432 ], [ 70.7612, 19.432 ], [ 70.7612, 19.4319 ], [ 70.7614, 19.4319 ], [ 70.7614, 19.4318 ], [ 70.7615, 19.4318 ], [ 70.7615, 19.4316 ], [ 70.7616, 19.4316 ], [ 70.7616, 19.4315 ], [ 70.7618, 19.4315 ], [ 70.7618, 19.4314 ], [ 70.7619, 19.4314 ], [ 70.7619, 19.4313 ], [ 70.7618, 19.4313 ], [ 70.7618, 19.4312 ], [ 70.7617, 19.4312 ], [ 70.7617, 19.4309 ], [ 70.7618, 19.4309 ], [ 70.7618, 19.4308 ], [ 70.7619, 19.4308 ], [ 70.7619, 19.4307 ], [ 70.762, 19.4307 ], [ 70.762, 19.4305 ], [ 70.7621, 19.4305 ], [ 70.7621, 19.4303 ], [ 70.7622, 19.4303 ], [ 70.7622, 19.4302 ], [ 70.7621, 19.4302 ], [ 70.7621, 19.4301 ], [ 70.7619, 19.4301 ], [ 70.7619, 19.43 ], [ 70.7615, 19.43 ], [ 70.7615, 19.4301 ], [ 70.7613, 19.4301 ], [ 70.7613, 19.4302 ], [ 70.7612, 19.4302 ], [ 70.7612, 19.4309 ], [ 70.7613, 19.4309 ], [ 70.7613, 19.4312 ], [ 70.7612, 19.4312 ], [ 70.7612, 19.4313 ], [ 70.761, 19.4313 ], [ 70.761, 19.4314 ], [ 70.7608, 19.4314 ], [ 70.7608, 19.4313 ], [ 70.7606, 19.4313 ], [ 70.7606, 19.431 ], [ 70.7605, 19.431 ], [ 70.7605, 19.4309 ], [ 70.7599, 19.4309 ], [ 70.7599, 19.431 ], [ 70.7598, 19.431 ], [ 70.7598, 19.4312 ], [ 70.7597, 19.4312 ], [ 70.7597, 19.4314 ], [ 70.7596, 19.4314 ], [ 70.7596, 19.4316 ], [ 70.7597, 19.4316 ], [ 70.7597, 19.4318 ], [ 70.7598, 19.4318 ], [ 70.7598, 19.4319 ], [ 70.7599, 19.4319 ], [ 70.7599, 19.432 ], [ 70.76, 19.432 ], [ 70.76, 19.4322 ], [ 70.7601, 19.4322 ], [ 70.7601, 19.4323 ], [ 70.7604, 19.4323 ], [ 70.7604, 19.4324 ] ] ] } },
{ "type": "Feature", "properties": { "slick_id": 13, "centroid": [ 71.134994, 19.462331 ], "bounding_box": [ 71.1315, 19.4232, 71.1379, 19.498 ], "area_km2": 4.1696, "perimeter_m": 19057.98, "orientation": 90.0, "compactness": 0.1443, "confidence": 0.3958 }, "geometry": { "type": "Polygon", "coordinates": [ [ [ 71.1322, 19.498 ], [ 71.1325, 19.498 ], [ 71.1325, 19.4979 ], [ 71.1328, 19.4979 ], [ 71.1328, 19.4978 ], [ 71.1331, 19.4978 ], [ 71.1331, 19.4977 ], [ 71.1337, 19.4977 ], [ 71.1337, 19.4976 ], [ 71.1343, 19.4976 ], [ 71.1343, 19.4975 ], [ 71.1348, 19.4975 ], [ 71.1348, 19.4974 ], [ 71.1351, 19.4974 ], [ 71.1351, 19.4973 ], [ 71.1354, 19.4973 ], [ 71.1354, 19.4972 ], [ 71.1356, 19.4972 ], [ 71.1356, 19.4971 ], [ 71.1359, 19.4971 ], [ 71.1359, 19.497 ], [ 71.1361, 19.497 ], [ 71.1361, 19.4969 ], [ 71.1363, 19.4969 ], [ 71.1363, 19.4968 ], [ 71.1364, 19.4968 ], [ 71.1364, 19.4967 ], [ 71.1366, 19.4967 ], [ 71.1366, 19.4966 ], [ 71.1368, 19.4966 ], [ 71.1368, 19.4965 ], [ 71.1369, 19.4965 ], [ 71.1369, 19.4964 ], [ 71.137, 19.4964 ], [ 71.137, 19.4963 ], [ 71.1371, 19.4963 ], [ 71.1371, 19.4962 ], [ 71.1372, 19.4962 ], [ 71.1372, 19.4961 ], [ 71.1373, 19.4961 ], [ 71.1373, 19.496 ], [ 71.1374, 19.496 ], [ 71.1374, 19.4959 ], [ 71.1375, 19.4959 ], [ 71.1375, 19.4958 ], [ 71.1376, 19.4958 ], [ 71.1376, 19.4957 ], [ 71.1377, 19.4957 ], [ 71.1377, 19.4955 ], [ 71.1378, 19.4955 ], [ 71.1378, 19.4952 ], [ 71.1379, 19.4952 ], [ 71.1379, 19.4944 ], [ 71.1378, 19.4944 ], [ 71.1378, 19.4939 ], [ 71.1377, 19.4939 ], [ 71.1377, 19.4935 ], [ 71.1376, 19.4935 ], [ 71.1376, 19.4932 ], [ 71.1375, 19.4932 ], [ 71.1375, 19.4929 ], [ 71.1374, 19.4929 ], [ 71.1374, 19.4925 ], [ 71.1373, 19.4925 ], [ 71.1373, 19.4907 ], [ 71.1374, 19.4907 ], [ 71.1374, 19.4898 ], [ 71.1375, 19.4898 ], [ 71.1375, 19.4865 ], [ 71.1374, 19.4865 ], [ 71.1374, 19.484 ], [ 71.1373, 19.484 ], [ 71.1373, 19.4818 ], [ 71.1372, 19.4818 ], [ 71.1372, 19.4804 ], [ 71.1371, 19.4804 ], [ 71.1371, 19.4786 ], [ 71.1372, 19.4786 ], [ 71.1372, 19.4776 ], [ 71.1373, 19.4776 ], [ 71.1373, 19.4763 ], [ 71.1374, 19.4763 ], [ 71.1374, 19.4757 ], [ 71.1375, 19.4757 ], [ 71.1375, 19.4752 ], [ 71.1376, 19.4752 ], [ 71.1376, 19.4733 ], [ 71.1375, 19.4733 ], [ 71.1375, 19.4725 ], [ 71.1374, 19.4725 ], [ 71.1374, 19.4713 ], [ 71.1375, 19.4713 ], [ 71.1375, 19.4691 ], [ 71.1374, 19.4691 ], [ 71.1374, 19.4674 ], [ 71.1373, 19.4674 ], [ 71.1373, 19.4644 ], [ 71.1374, 19.4644 ], [ 71.1374, 19.4633 ], [ 71.1373, 19.4633 ], [ 71.1373, 19.4625 ], [ 71.1372, 19.4625 ], [ 71.1372, 19.462 ], [ 71.1371, 19.462 ], [ 71.1371, 19.4616 ], [ 71.137, 19.4616 ], [ 71.137, 19.4612 ], [ 71.1369, 19.4612 ], [ 71.1369, 19.461 ], [ 71.1368, 19.461 ], [ 71.1368, 19.4608 ], [ 71.1367, 19.4608 ], [ 71.1367, 19.4606 ], [ 71.1366, 19.4606 ], [ 71.1366, 19.4604 ], [ 71.1365, 19.4604 ], [ 71.1365, 19.4602 ], [ 71.1364, 19.4602 ], [ 71.1364, 19.4593 ], [ 71.1365, 19.4593 ], [ 71.1365, 19.4585 ], [ 71.1366, 19.4585 ], [ 71.1366, 19.4565 ], [ 71.1367, 19.4565 ], [ 71.1367, 19.4561 ], [ 71.1368, 19.4561 ], [ 71.1368, 19.4557 ], [ 71.1369, 19.4557 ], [ 71.1369, 19.4552 ], [ 71.137, 19.4552 ], [ 71.137, 19.4548 ], [ 71.1371, 19.4548 ], [ 71.1371, 19.4543 ], [ 71.1372, 19.4543 ], [ 71.1372, 19.4536 ], [ 71.1373, 19.4536 ], [ 71.1373, 19.45 ], [ 71.1372, 19.45 ], [ 71.1372, 19.4466 ], [ 71.1371, 19.4466 ], [ 71.1371, 19.445 ], [ 71.137, 19.445 ], [ 71.137, 19.4439 ], [ 71.1371, 19.4439 ], [ 71.1371, 19.4407 ], [ 71.137, 19.4407 ], [ 71.137, 19.4404 ], [ 71.1371, 19.4404 ], [ 71.1371, 19.4396 ], [ 71.1372, 19.4396 ], [ 71.1372, 19.4388 ], [ 71.1373, 19.4388 ], [ 71.1373, 19.4377 ], [ 71.1374, 19.4377 ], [ 71.1374, 19.4372 ], [ 71.1375, 19.4372 ], [ 71.1375, 19.4345 ], [ 71.1374, 19.4345 ], [ 71.1374, 19.4325 ], [ 71.1373, 19.4325 ], [ 71.1373, 19.4308 ], [ 71.1374, 19.4308 ], [ 71.1374, 19.4299 ], [ 71.1375, 19.4299 ], [ 71.1375, 19.4288 ], [ 71.1376, 19.4288 ], [ 71.1376, 19.4246 ], [ 71.1375, 19.4246 ], [ 71.1375, 19.4239 ], [ 71.1374, 19.4239 ], [ 71.1374, 19.4234 ], [ 71.1373, 19.4234 ], [ 71.1373, 19.4233 ], [ 71.1372, 19.4233 ], [ 71.1372, 19.4232 ], [ 71.1333, 19.4232 ], [ 71.1333, 19.4233 ], [ 71.1332, 19.4233 ], [ 71.1332, 19.4234 ], [ 71.1331, 19.4234 ], [ 71.1331, 19.4239 ], [ 71.133, 19.4239 ], [ 71.133, 19.4248 ], [ 71.1329, 19.4248 ], [ 71.1329, 19.4257 ], [ 71.133, 19.4257 ], [ 71.133, 19.4275 ], [ 71.1331, 19.4275 ], [ 71.1331, 19.4289 ], [ 71.1332, 19.4289 ], [ 71.1332, 19.4301 ], [ 71.1333, 19.4301 ], [ 71.1333, 19.4313 ], [ 71.1334, 19.4313 ], [ 71.1334, 19.4338 ], [ 71.1335, 19.4338 ], [ 71.1335, 19.4343 ], [ 71.1334, 19.4343 ], [ 71.1334, 19.4371 ], [ 71.1335, 19.4371 ], [ 71.1335, 19.4382 ], [ 71.1334, 19.4382 ], [ 71.1334, 19.4386 ], [ 71.1333, 19.4386 ], [ 71.1333, 19.4392 ], [ 71.1332, 19.4392 ], [ 71.1332, 19.44 ], [ 71.1331, 19.44 ], [ 71.1331, 19.4407 ], [ 71.133, 19.4407 ], [ 71.133, 19.4446 ], [ 71.1331, 19.4446 ], [ 71.1331, 19.4462 ], [ 71.1332, 19.4462 ], [ 71.1332, 19.4478 ], [ 71.1333, 19.4478 ], [ 71.1333, 19.4505 ], [ 71.1332, 19.4505 ], [ 71.1332, 19.4515 ], [ 71.1331, 19.4515 ], [ 71.1331, 19.4523 ], [ 71.133, 19.4523 ], [ 71.133, 19.4534 ], [ 71.1329, 19.4534 ], [ 71.1329, 19.4555 ], [ 71.1328, 19.4555 ], [ 71.1328, 19.456 ], [ 71.1329, 19.456 ], [ 71.1329, 19.4563 ], [ 71.1328, 19.4563 ], [ 71.1328, 19.4575 ], [ 71.1327, 19.4575 ], [ 71.1327, 19.4581 ], [ 71.1326, 19.4581 ], [ 71.1326, 19.4591 ], [ 71.1325, 19.4591 ], [ 71.1325, 19.4625 ], [ 71.1326, 19.4625 ], [ 71.1326, 19.4649 ], [ 71.1327, 19.4649 ], [ 71.1327, 19.4679 ], [ 71.1326, 19.4679 ], [ 71.1326, 19.4698 ], [ 71.1325, 19.4698 ], [ 71.1325, 19.4711 ], [ 71.1326, 19.4711 ], [ 71.1326, 19.4727 ], [ 71.1325, 19.4727 ], [ 71.1325, 19.4748 ], [ 71.1326, 19.4748 ], [ 71.1326, 19.4757 ], [ 71.1327, 19.4757 ], [ 71.1327, 19.4762 ], [ 71.1328, 19.4762 ], [ 71.1328, 19.4807 ], [ 71.1327, 19.4807 ], [ 71.1327, 19.4825 ], [ 71.1326, 19.4825 ], [ 71.1326, 19.4851 ], [ 71.1325, 19.4851 ], [ 71.1325, 19.4859 ], [ 71.1324, 19.4859 ], [ 71.1324, 19.4864 ], [ 71.1323, 19.4864 ], [ 71.1323, 19.4868 ], [ 71.1322, 19.4868 ], [ 71.1322, 19.4873 ], [ 71.1321, 19.4873 ], [ 71.1321, 19.4881 ], [ 71.132, 19.4881 ], [ 71.132, 19.4889 ], [ 71.1319, 19.4889 ], [ 71.1319, 19.4923 ], [ 71.1318, 19.4923 ], [ 71.1318, 19.4931 ], [ 71.1317, 19.4931 ], [ 71.1317, 19.4936 ], [ 71.1316, 19.4936 ], [ 71.1316, 19.4949 ], [ 71.1315, 19.4949 ], [ 71.1315, 19.4952 ], [ 71.1316, 19.4952 ], [ 71.1316, 19.4958 ], [ 71.1317, 19.4958 ], [ 71.1317, 19.4965 ], [ 71.1318, 19.4965 ], [ 71.1318, 19.4971 ], [ 71.1319, 19.4971 ], [ 71.1319, 19.4975 ], [ 71.132, 19.4975 ], [ 71.132, 19.4977 ], [ 71.1321, 19.4977 ], [ 71.1321, 19.4979 ], [ 71.1322, 19.4979 ], [ 71.1322, 19.498 ] ] ] } },
{ "type": "Feature", "properties": { "slick_id": 14, "centroid": [ 70.567537, 19.421389 ], "bounding_box": [ 70.5659, 19.4193, 70.5698, 19.4232 ], "area_km2": 0.1024, "perimeter_m": 1736.59, "orientation": 52.31, "compactness": 0.4265, "confidence": 0.5799 }, "geometry": { "type": "Polygon", "coordinates": [ [ [ 70.5677, 19.4232 ], [ 70.5679, 19.4232 ], [ 70.5679, 19.4231 ], [ 70.5681, 19.4231 ], [ 70.5681, 19.423 ], [ 70.5683, 19.423 ], [ 70.5683, 19.4229 ], [ 70.5695, 19.4229 ], [ 70.5695, 19.4228 ], [ 70.5697, 19.4228 ], [ 70.5697, 19.4227 ], [ 70.5698, 19.4227 ], [ 70.5698, 19.4225 ], [ 70.5697, 19.4225 ], [ 70.5697, 19.4224 ], [ 70.5696, 19.4224 ], [ 70.5696, 19.4223 ], [ 70.5694, 19.4223 ], [ 70.5694, 19.4222 ], [ 70.5693, 19.4222 ], [ 70.5693, 19.4221 ], [ 70.5692, 19.4221 ], [ 70.5692, 19.4219 ], [ 70.5691, 19.4219 ], [ 70.5691, 19.4218 ], [ 70.569, 19.4218 ], [ 70.569, 19.4216 ], [ 70.5689, 19.4216 ], [ 70.5689, 19.4214 ], [ 70.5688, 19.4214 ], [ 70.5688, 19.4213 ], [ 70.5687, 19.4213 ], [ 70.5687, 19.4211 ], [ 70.5686, 19.4211 ], [ 70.5686, 19.421 ], [ 70.5685, 19.421 ], [ 70.5685, 19.4209 ], [ 70.5684, 19.4209 ], [ 70.5684, 19.4208 ], [ 70.5683, 19.4208 ], [ 70.5683, 19.4207 ], [ 70.5682, 19.4207 ], [ 70.5682, 19.4205 ], [ 70.5681, 19.4205 ], [ 70.5681, 19.4203 ], [ 70.568, 19.4203 ], [ 70.568, 19.4202 ], [ 70.5679, 19.4202 ], [ 70.5679, 19.4201 ], [ 70.5677, 19.4201 ], [ 70.5677, 19.42 ], [ 70.5676, 19.42 ], [ 70.5676, 19.4199 ], [ 70.5674, 19.4199 ], [ 70.5674, 19.4198 ], [ 70.5673, 19.4198 ], [ 70.5673, 19.4197 ], [ 70.5672, 19.4197 ], [ 70.5672, 19.4196 ], [ 70.5671, 19.4196 ], [ 70.5671, 19.4195 ], [ 70.567, 19.4195 ], [ 70.567, 19.4194 ], [ 70.5668, 19.4194 ], [ 70.5668, 19.4193 ], [ 70.5663, 19.4193 ], [ 70.5663, 19.4194 ], [ 70.5662, 19.4194 ], [ 70.5662, 19.4195 ], [ 70.5661, 19.4195 ], [ 70.5661, 19.4196 ], [ 70.566, 19.4196 ], [ 70.566, 19.4198 ], [ 70.5659, 19.4198 ], [ 70.5659, 19.4202 ], [ 70.566, 19.4202 ], [ 70.566, 19.4211 ], [ 70.5661, 19.4211 ], [ 70.5661, 19.4214 ], [ 70.5662, 19.4214 ], [ 70.5662, 19.4215 ], [ 70.5663, 19.4215 ], [ 70.5663, 19.4217 ], [ 70.5664, 19.4217 ], [ 70.5664, 19.4218 ], [ 70.5665, 19.4218 ], [ 70.5665, 19.422 ], [ 70.5666, 19.422 ], [ 70.5666, 19.4222 ], [ 70.5667, 19.4222 ], [ 70.5667, 19.4226 ], [ 70.5668, 19.4226 ], [ 70.5668, 19.4227 ], [ 70.567, 19.4227 ], [ 70.567, 19.4228 ], [ 70.5672, 19.4228 ], [ 70.5672, 19.4229 ], [ 70.5674, 19.4229 ], [ 70.5674, 19.423 ], [ 70.5676, 19.423 ], [ 70.5676, 19.4231 ], [ 70.5677, 19.4231 ], [ 70.5677, 19.4232 ] ] ] } },
{ "type": "Feature", "properties": { "slick_id": 15, "centroid": [ 71.134597, 19.417951 ], "bounding_box": [ 71.133, 19.4164, 71.1361, 19.4194 ], "area_km2": 0.0839, "perimeter_m": 1358.1, "orientation": 135.0, "compactness": 0.5716, "confidence": 0.3185 }, "geometry": { "type": "Polygon", "coordinates": [ [ [ 71.1341, 19.4194 ], [ 71.1349, 19.4194 ], [ 71.1349, 19.4193 ], [ 71.1351, 19.4193 ], [ 71.1351, 19.4192 ], [ 71.1353, 19.4192 ], [ 71.1353, 19.4191 ], [ 71.1354, 19.4191 ], [ 71.1354, 19.419 ], [ 71.1356, 19.419 ], [ 71.1356, 19.4189 ], [ 71.1357, 19.4189 ], [ 71.1357, 19.4188 ], [ 71.1358, 19.4188 ], [ 71.1358, 19.4187 ], [ 71.1359, 19.4187 ], [ 71.1359, 19.4186 ], [ 71.136, 19.4186 ], [ 71.136, 19.4185 ], [ 71.1361, 19.4185 ], [ 71.1361, 19.4178 ], [ 71.136, 19.4178 ], [ 71.136, 19.4175 ], [ 71.1359, 19.4175 ], [ 71.1359, 19.4173 ], [ 71.1358, 19.4173 ], [ 71.1358, 19.4171 ], [ 71.1357, 19.4171 ], [ 71.1357, 19.417 ], [ 71.1356, 19.417 ], [ 71.1356, 19.4169 ], [ 71.1355, 19.4169 ], [ 71.1355, 19.4167 ], [ 71.1354, 19.4167 ], [ 71.1354, 19.4166 ], [ 71.1352, 19.4166 ], [ 71.1352, 19.4165 ], [ 71.1351, 19.4165 ], [ 71.1351, 19.4164 ], [ 71.1343, 19.4164 ], [ 71.1343, 19.4165 ], [ 71.1341, 19.4165 ], [ 71.1341, 19.4166 ], [ 71.134, 19.4166 ], [ 71.134, 19.4167 ], [ 71.1339, 19.4167 ], [ 71.1339, 19.4168 ], [ 71.1338, 19.4168 ], [ 71.1338, 19.4169 ], [ 71.1337, 19.4169 ], [ 71.1337, 19.417 ], [ 71.1336, 19.417 ], [ 71.1336, 19.4172 ], [ 71.1335, 19.4172 ], [ 71.1335, 19.4173 ], [ 71.1334, 19.4173 ], [ 71.1334, 19.4175 ], [ 71.1333, 19.4175 ], [ 71.1333, 19.4176 ], [ 71.1332, 19.4176 ], [ 71.1332, 19.4177 ], [ 71.1331, 19.4177 ], [ 71.1331, 19.4181 ], [ 71.133, 19.4181 ], [ 71.133, 19.4182 ], [ 71.1331, 19.4182 ], [ 71.1331, 19.4185 ], [ 71.1332, 19.4185 ], [ 71.1332, 19.4187 ], [ 71.1333, 19.4187 ], [ 71.1333, 19.4189 ], [ 71.1334, 19.4189 ], [ 71.1334, 19.419 ], [ 71.1335, 19.419 ], [ 71.1335, 19.4191 ], [ 71.1337, 19.4191 ], [ 71.1337, 19.4192 ], [ 71.1339, 19.4192 ], [ 71.1339, 19.4193 ], [ 71.1341, 19.4193 ], [ 71.1341, 19.4194 ] ] ] } },
{ "type": "Feature", "properties": { "slick_id": 16, "centroid": [ 70.50284, 19.418316 ], "bounding_box": [ 70.5024, 19.4156, 70.5031, 19.4211 ], "area_km2": 0.0304, "perimeter_m": 1402.63, "orientation": 90.0, "compactness": 0.1939, "confidence": 0.3811 }, "geometry": { "type": "Polygon", "coordinates": [ [ [ 70.5029, 19.4211 ], [ 70.503, 19.4211 ], [ 70.503, 19.421 ], [ 70.5031, 19.421 ], [ 70.5031, 19.4196 ], [ 70.503, 19.4196 ], [ 70.503, 19.4186 ], [ 70.5031, 19.4186 ], [ 70.5031, 19.4157 ], [ 70.503, 19.4157 ], [ 70.503, 19.4156 ], [ 70.5029, 19.4156 ], [ 70.5029, 19.4157 ], [ 70.5028, 19.4157 ], [ 70.5028, 19.4162 ], [ 70.5027, 19.4162 ], [ 70.5027, 19.4167 ], [ 70.5026, 19.4167 ], [ 70.5026, 19.4175 ], [ 70.5025, 19.4175 ], [ 70.5025, 19.4184 ], [ 70.5024, 19.4184 ], [ 70.5024, 19.4187 ], [ 70.5025, 19.4187 ], [ 70.5025, 19.419 ], [ 70.5026, 19.419 ], [ 70.5026, 19.42 ], [ 70.5027, 19.42 ], [ 70.5027, 19.4205 ], [ 70.5028, 19.4205 ], [ 70.5028, 19.421 ], [ 70.5029, 19.421 ], [ 70.5029, 19.4211 ] ] ] } },
{ "type": "Feature", "properties": { "slick_id": 17, "centroid": [ 71.036423, 19.412686 ], "bounding_box": [ 71.0356, 19.4116, 71.0373, 19.4138 ], "area_km2": 0.0198, "perimeter_m": 868.3, "orientation": 50.19, "compactness": 0.3305, "confidence": 0.3129 }, "geometry": { "type": "Polygon", "coordinates": [ [ [ 71.0369, 19.4138 ], [ 71.0371, 19.4138 ], [ 71.0371, 19.4137 ], [ 71.0372, 19.4137 ], [ 71.0372, 19.4135 ], [ 71.0373, 19.4135 ], [ 71.0373, 19.413 ], [ 71.0372, 19.413 ], [ 71.0372, 19.4129 ], [ 71.0369, 19.4129 ], [ 71.0369, 19.4128 ], [ 71.0367, 19.4128 ], [ 71.0367, 19.4126 ], [ 71.0366, 19.4126 ], [ 71.0366, 19.4124 ], [ 71.0365, 19.4124 ], [ 71.0365, 19.4121 ], [ 71.0364, 19.4121 ], [ 71.0364, 19.412 ], [ 71.0363, 19.412 ], [ 71.0363, 19.4118 ], [ 71.0362, 19.4118 ], [ 71.0362, 19.4117 ], [ 71.036, 19.4117 ], [ 71.036, 19.4116 ], [ 71.0357, 19.4116 ], [ 71.0357, 19.4117 ], [ 71.0356, 19.4117 ], [ 71.0356, 19.4121 ], [ 71.0357, 19.4121 ], [ 71.0357, 19.4124 ], [ 71.0358, 19.4124 ], [ 71.0358, 19.4126 ], [ 71.0359, 19.4126 ], [ 71.0359, 19.4127 ], [ 71.036, 19.4127 ], [ 71.036, 19.4129 ], [ 71.0361, 19.4129 ], [ 71.0361, 19.413 ], [ 71.0362, 19.413 ], [ 71.0362, 19.4131 ], [ 71.0364, 19.4131 ], [ 71.0364, 19.4132 ], [ 71.0365, 19.4132 ], [ 71.0365, 19.4134 ], [ 71.0366, 19.4134 ], [ 71.0366, 19.4135 ], [ 71.0367, 19.4135 ], [ 71.0367, 19.4136 ], [ 71.0368, 19.4136 ], [ 71.0368, 19.4137 ], [ 71.0369, 19.4137 ], [ 71.0369, 19.4138 ] ] ] } },
{ "type": "Feature", "properties": { "slick_id": 18, "centroid": [ 71.077178, 19.39993 ], "bounding_box": [ 71.0763, 19.3991, 71.0779, 19.4008 ], "area_km2": 0.0155, "perimeter_m": 734.71, "orientation": 131.63, "compactness": 0.3606, "confidence": 0.3151 }, "geometry": { "type": "Polygon", "coordinates": [ [ [ 71.0765, 19.4008 ], [ 71.0766, 19.4008 ], [ 71.0766, 19.4007 ], [ 71.0767, 19.4007 ], [ 71.0767, 19.4006 ], [ 71.0768, 19.4006 ], [ 71.0768, 19.4005 ], [ 71.077, 19.4005 ], [ 71.077, 19.4004 ], [ 71.0772, 19.4004 ], [ 71.0772, 19.4003 ], [ 71.0775, 19.4003 ], [ 71.0775, 19.4002 ], [ 71.0776, 19.4002 ], [ 71.0776, 19.4001 ], [ 71.0777, 19.4001 ], [ 71.0777, 19.3999 ], [ 71.0778, 19.3999 ], [ 71.0778, 19.3998 ], [ 71.0779, 19.3998 ], [ 71.0779, 19.3993 ], [ 71.0778, 19.3993 ], [ 71.0778, 19.3992 ], [ 71.0777, 19.3992 ], [ 71.0777, 19.3991 ], [ 71.0775, 19.3991 ], [ 71.0775, 19.3992 ], [ 71.0773, 19.3992 ], [ 71.0773, 19.3993 ], [ 71.0772, 19.3993 ], [ 71.0772, 19.3995 ], [ 71.0771, 19.3995 ], [ 71.0771, 19.3996 ], [ 71.077, 19.3996 ], [ 71.077, 19.3997 ], [ 71.0769, 19.3997 ], [ 71.0769, 19.3998 ], [ 71.0768, 19.3998 ], [ 71.0768, 19.3999 ], [ 71.0767, 19.3999 ], [ 71.0767, 19.4 ], [ 71.0766, 19.4 ], [ 71.0766, 19.4001 ], [ 71.0765, 19.4001 ], [ 71.0765, 19.4002 ], [ 71.0764, 19.4002 ], [ 71.0764, 19.4004 ], [ 71.0763, 19.4004 ], [ 71.0763, 19.4006 ], [ 71.0764, 19.4006 ], [ 71.0764, 19.4007 ], [ 71.0765, 19.4007 ], [ 71.0765, 19.4008 ] ] ] } },
{ "type": "Feature", "properties": { "slick_id": 19, "centroid": [ 70.516293, 19.395735 ], "bounding_box": [ 70.5137, 19.3932, 70.5183, 19.3976 ], "area_km2": 0.1063, "perimeter_m": 3050.17, "orientation": 0.0, "compactness": 0.1436, "confidence": 0.4009 }, "geometry": { "type": "Polygon", "coordinates": [ [ [ 70.5145, 19.3976 ], [ 70.5172, 19.3976 ], [ 70.5172, 19.3975 ], [ 70.5173, 19.3975 ], [ 70.5173, 19.3974 ], [ 70.5174, 19.3974 ], [ 70.5174, 19.3973 ], [ 70.5176, 19.3973 ], [ 70.5176, 19.3972 ], [ 70.5179, 19.3972 ], [ 70.5179, 19.3971 ], [ 70.518, 19.3971 ], [ 70.518, 19.3969 ], [ 70.5181, 19.3969 ], [ 70.5181, 19.3968 ], [ 70.5182, 19.3968 ], [ 70.5182, 19.3967 ], [ 70.5183, 19.3967 ], [ 70.5183, 19.3962 ], [ 70.5182, 19.3962 ], [ 70.5182, 19.3961 ], [ 70.518, 19.3961 ], [ 70.518, 19.3962 ], [ 70.5178, 19.3962 ], [ 70.5178, 19.3961 ], [ 70.5175, 19.3961 ], [ 70.5175, 19.396 ], [ 70.5173, 19.396 ], [ 70.5173, 19.3961 ], [ 70.517, 19.3961 ], [ 70.517, 19.3962 ], [ 70.5169, 19.3962 ], [ 70.5169, 19.3963 ], [ 70.5168, 19.3963 ], [ 70.5168, 19.3965 ], [ 70.5166, 19.3965 ], [ 70.5166, 19.3966 ], [ 70.5165, 19.3966 ], [ 70.5165, 19.3965 ], [ 70.5163, 19.3965 ], [ 70.5163, 19.3957 ], [ 70.5164, 19.3957 ], [ 70.5164, 19.3956 ], [ 70.5165, 19.3956 ], [ 70.5165, 19.3955 ], [ 70.5167, 19.3955 ], [ 70.5167, 19.3954 ], [ 70.5168, 19.3954 ], [ 70.5168, 19.3953 ], [ 70.5169, 19.3953 ], [ 70.5169, 19.3952 ], [ 70.517, 19.3952 ], [ 70.517, 19.3951 ], [ 70.5171, 19.3951 ], [ 70.5171, 19.3948 ], [ 70.517, 19.3948 ], [ 70.517, 19.3945 ], [ 70.5172, 19.3945 ], [ 70.5172, 19.3944 ], [ 70.5176, 19.3944 ], [ 70.5176, 19.3945 ], [ 70.5177, 19.3945 ], [ 70.5177, 19.3944 ], [ 70.5178, 19.3944 ], [ 70.5178, 19.3937 ], [ 70.5179, 19.3937 ], [ 70.5179, 19.3936 ], [ 70.518, 19.3936 ], [ 70.518, 19.3935 ], [ 70.5182, 19.3935 ], [ 70.5182, 19.3934 ], [ 70.5183, 19.3934 ], [ 70.5183, 19.3933 ], [ 70.5182, 19.3933 ], [ 70.5182, 19.3932 ], [ 70.5181, 19.3932 ], [ 70.5181, 19.3933 ], [ 70.5172, 19.3933 ], [ 70.5172, 19.3934 ], [ 70.5171, 19.3934 ], [ 70.5171, 19.3935 ], [ 70.517, 19.3935 ], [ 70.517, 19.3936 ], [ 70.5169, 19.3936 ], [ 70.5169, 19.3937 ], [ 70.5168, 19.3937 ], [ 70.5168, 19.3938 ], [ 70.5166, 19.3938 ], [ 70.5166, 19.3939 ], [ 70.5165, 19.3939 ], [ 70.5165, 19.394 ], [ 70.5163, 19.394 ], [ 70.5163, 19.3941 ], [ 70.5161, 19.3941 ], [ 70.5161, 19.3942 ], [ 70.516, 19.3942 ], [ 70.516, 19.3944 ], [ 70.5159, 19.3944 ], [ 70.5159, 19.3945 ], [ 70.5158, 19.3945 ], [ 70.5158, 19.3946 ], [ 70.5157, 19.3946 ], [ 70.5157, 19.3947 ], [ 70.5155, 19.3947 ], [ 70.5155, 19.3948 ], [ 70.5152, 19.3948 ], [ 70.5152, 19.3949 ], [ 70.515, 19.3949 ], [ 70.515, 19.395 ], [ 70.5148, 19.395 ], [ 70.5148, 19.3951 ], [ 70.5146, 19.3951 ], [ 70.5146, 19.3952 ], [ 70.5144, 19.3952 ], [ 70.5144, 19.3953 ], [ 70.5141, 19.3953 ], [ 70.5141, 19.3954 ], [ 70.514, 19.3954 ], [ 70.514, 19.3955 ], [ 70.5139, 19.3955 ], [ 70.5139, 19.3956 ], [ 70.5138, 19.3956 ], [ 70.5138, 19.3957 ], [ 70.5137, 19.3957 ], [ 70.5137, 19.396 ], [ 70.5138, 19.396 ], [ 70.5138, 19.3961 ], [ 70.5147, 19.3961 ], [ 70.5147, 19.396 ], [ 70.5149, 19.396 ], [ 70.5149, 19.3959 ], [ 70.5153, 19.3959 ], [ 70.5153, 19.396 ], [ 70.5155, 19.396 ], [ 70.5155, 19.3961 ], [ 70.5157, 19.3961 ], [ 70.5157, 19.3962 ], [ 70.5159, 19.3962 ], [ 70.5159, 19.3963 ], [ 70.516, 19.3963 ], [ 70.516, 19.3968 ], [ 70.5159, 19.3968 ], [ 70.5159, 19.397 ], [ 70.5157, 19.397 ], [ 70.5157, 19.3971 ], [ 70.5149, 19.3971 ], [ 70.5149, 19.3972 ], [ 70.5147, 19.3972 ], [ 70.5147, 19.3973 ], [ 70.5145, 19.3973 ], [ 70.5145, 19.3974 ], [ 70.5144, 19.3974 ], [ 70.5144, 19.3975 ], [ 70.5145, 19.3975 ], [ 70.5145, 19.3976 ] ] ] } },
{ "type": "Feature", "properties": { "slick_id": 20, "centroid": [ 71.073489, 19.395355 ], "bounding_box": [ 71.0706, 19.3924, 71.0759, 19.3976 ], "area_km2": 0.1268, "perimeter_m": 3562.24, "orientation": 63.43, "compactness": 0.1255, "confidence": 0.343 }, "geometry": { "type": "Polygon", "coordinates": [ [ [ 71.0729, 19.3976 ], [ 71.0747, 19.3976 ], [ 71.0747, 19.3975 ], [ 71.0748, 19.3975 ], [ 71.0748, 19.3974 ], [ 71.0747, 19.3974 ], [ 71.0747, 19.3972 ], [ 71.0746, 19.3972 ], [ 71.0746, 19.3971 ], [ 71.0745, 19.3971 ], [ 71.0745, 19.397 ], [ 71.0744, 19.397 ], [ 71.0744, 19.3969 ], [ 71.0743, 19.3969 ], [ 71.0743, 19.3968 ], [ 71.0741, 19.3968 ], [ 71.0741, 19.3967 ], [ 71.0736, 19.3967 ], [ 71.0736, 19.3966 ], [ 71.0732, 19.3966 ], [ 71.0732, 19.3965 ], [ 71.0728, 19.3965 ], [ 71.0728, 19.3964 ], [ 71.0726, 19.3964 ], [ 71.0726, 19.3963 ], [ 71.0724, 19.3963 ], [ 71.0724, 19.3962 ], [ 71.0723, 19.3962 ], [ 71.0723, 19.3958 ], [ 71.0724, 19.3958 ], [ 71.0724, 19.3957 ], [ 71.0726, 19.3957 ], [ 71.0726, 19.3956 ], [ 71.0728, 19.3956 ], [ 71.0728, 19.3955 ], [ 71.073, 19.3955 ], [ 71.073, 19.3954 ], [ 71.0732, 19.3954 ], [ 71.0732, 19.3955 ], [ 71.0734, 19.3955 ], [ 71.0734, 19.3956 ], [ 71.0737, 19.3956 ], [ 71.0737, 19.3957 ], [ 71.0739, 19.3957 ], [ 71.0739, 19.3958 ], [ 71.074, 19.3958 ], [ 71.074, 19.3959 ], [ 71.0741, 19.3959 ], [ 71.0741, 19.3961 ], [ 71.0742, 19.3961 ], [ 71.0742, 19.3962 ], [ 71.0743, 19.3962 ], [ 71.0743, 19.3963 ], [ 71.0744, 19.3963 ], [ 71.0744, 19.3964 ], [ 71.0745, 19.3964 ], [ 71.0745, 19.3965 ], [ 71.0746, 19.3965 ], [ 71.0746, 19.3966 ], [ 71.0748, 19.3966 ], [ 71.0748, 19.3967 ], [ 71.0749, 19.3967 ], [ 71.0749, 19.3968 ], [ 71.0752, 19.3968 ], [ 71.0752, 19.3969 ], [ 71.0758, 19.3969 ], [ 71.0758, 19.3968 ], [ 71.0759, 19.3968 ], [ 71.0759, 19.3963 ], [ 71.0758, 19.3963 ], [ 71.0758, 19.3955 ], [ 71.0757, 19.3955 ], [ 71.0757, 19.3954 ], [ 71.0756, 19.3954 ], [ 71.0756, 19.3952 ], [ 71.0755, 19.3952 ], [ 71.0755, 19.395 ], [ 71.0754, 19.395 ], [ 71.0754, 19.3947 ], [ 71.0753, 19.3947 ], [ 71.0753, 19.3945 ], [ 71.0752, 19.3945 ], [ 71.0752, 19.3943 ], [ 71.0751, 19.3943 ], [ 71.0751, 19.3941 ], [ 71.075, 19.3941 ], [ 71.075, 19.394 ], [ 71.0747, 19.394 ], [ 71.0747, 19.3939 ], [ 71.074, 19.3939 ], [ 71.074, 19.3938 ], [ 71.0739, 19.3938 ], [ 71.0739, 19.3939 ], [ 71.0738, 19.3939 ], [ 71.0738, 19.3943 ], [ 71.0737, 19.3943 ], [ 71.0737, 19.3945 ], [ 71.0736, 19.3945 ], [ 71.0736, 19.3947 ], [ 71.0735, 19.3947 ], [ 71.0735, 19.3949 ], [ 71.0734, 19.3949 ], [ 71.0734, 19.3952 ], [ 71.0732, 19.3952 ], [ 71.0732, 19.3953 ], [ 71.073, 19.3953 ], [ 71.073, 19.3952 ], [ 71.0728, 19.3952 ], [ 71.0728, 19.395 ], [ 71.0727, 19.395 ], [ 71.0727, 19.3949 ], [ 71.0725, 19.3949 ], [ 71.0725, 19.3948 ], [ 71.0723, 19.3948 ], [ 71.0723, 19.3947 ], [ 71.0721, 19.3947 ], [ 71.0721, 19.3946 ], [ 71.072, 19.3946 ], [ 71.072, 19.3945 ], [ 71.0719, 19.3945 ], [ 71.0719, 19.3943 ], [ 71.0718, 19.3943 ], [ 71.0718, 19.3934 ], [ 71.0717, 19.3934 ], [ 71.0717, 19.3932 ], [ 71.0716, 19.3932 ], [ 71.0716, 19.393 ], [ 71.0715, 19.393 ], [ 71.0715, 19.3928 ], [ 71.0714, 19.3928 ], [ 71.0714, 19.3927 ], [ 71.0713, 19.3927 ], [ 71.0713, 19.3926 ], [ 71.0712, 19.3926 ], [ 71.0712, 19.3925 ], [ 71.0711, 19.3925 ], [ 71.0711, 19.3924 ], [ 71.0708, 19.3924 ], [ 71.0708, 19.3925 ], [ 71.0707, 19.3925 ], [ 71.0707, 19.3926 ], [ 71.0706, 19.3926 ], [ 71.0706, 19.3932 ], [ 71.0707, 19.3932 ], [ 71.0707, 19.3935 ], [ 71.0708, 19.3935 ], [ 71.0708, 19.3937 ], [ 71.0709, 19.3937 ], [ 71.0709, 19.3939 ], [ 71.071, 19.3939 ], [ 71.071, 19.3941 ], [ 71.0711, 19.3941 ], [ 71.0711, 19.3942 ], [ 71.0712, 19.3942 ], [ 71.0712, 19.3944 ], [ 71.0713, 19.3944 ], [ 71.0713, 19.3947 ], [ 71.0714, 19.3947 ], [ 71.0714, 19.3948 ], [ 71.0715, 19.3948 ], [ 71.0715, 19.395 ], [ 71.0716, 19.395 ], [ 71.0716, 19.3953 ], [ 71.0717, 19.3953 ], [ 71.0717, 19.3956 ], [ 71.0718, 19.3956 ], [ 71.0718, 19.3958 ], [ 71.0719, 19.3958 ], [ 71.0719, 19.3959 ], [ 71.072, 19.3959 ], [ 71.072, 19.3961 ], [ 71.0721, 19.3961 ], [ 71.0721, 19.3963 ], [ 71.0722, 19.3963 ], [ 71.0722, 19.3965 ], [ 71.0723, 19.3965 ], [ 71.0723, 19.3966 ], [ 71.0724, 19.3966 ], [ 71.0724, 19.3967 ], [ 71.0725, 19.3967 ], [ 71.0725, 19.3969 ], [ 71.0726, 19.3969 ], [ 71.0726, 19.3971 ], [ 71.0727, 19.3971 ], [ 71.0727, 19.3973 ], [ 71.0728, 19.3973 ], [ 71.0728, 19.3975 ], [ 71.0729, 19.3975 ], [ 71.0729, 19.3976 ] ] ] } },
{ "type": "Feature", "properties": { "slick_id": 21, "centroid": [ 70.502777, 19.388335 ], "bounding_box": [ 70.5022, 19.3827, 70.5033, 19.3946 ], "area_km2": 0.1026, "perimeter_m": 2916.58, "orientation": 88.53, "compactness": 0.1516, "confidence": 0.4656 }, "geometry": { "type": "Polygon", "coordinates": [ [ [ 70.5029, 19.3946 ], [ 70.503, 19.3946 ], [ 70.503, 19.3945 ], [ 70.5031, 19.3945 ], [ 70.5031, 19.3932 ], [ 70.5032, 19.3932 ], [ 70.5032, 19.3908 ], [ 70.5033, 19.3908 ], [ 70.5033, 19.3902 ], [ 70.5032, 19.3902 ], [ 70.5032, 19.3863 ], [ 70.5031, 19.3863 ], [ 70.5031, 19.3843 ], [ 70.503, 19.3843 ], [ 70.503, 19.3828 ], [ 70.5029, 19.3828 ], [ 70.5029, 19.3827 ], [ 70.5027, 19.3827 ], [ 70.5027, 19.3828 ], [ 70.5026, 19.3828 ], [ 70.5026, 19.3829 ], [ 70.5025, 19.3829 ], [ 70.5025, 19.3836 ], [ 70.5026, 19.3836 ], [ 70.5026, 19.3842 ], [ 70.5025, 19.3842 ], [ 70.5025, 19.3844 ], [ 70.5024, 19.3844 ], [ 70.5024, 19.385 ], [ 70.5023, 19.385 ], [ 70.5023, 19.3861 ], [ 70.5022, 19.3861 ], [ 70.5022, 19.3882 ], [ 70.5023, 19.3882 ], [ 70.5023, 19.39 ], [ 70.5024, 19.39 ], [ 70.5024, 19.3906 ], [ 70.5025, 19.3906 ], [ 70.5025, 19.3914 ], [ 70.5026, 19.3914 ], [ 70.5026, 19.3924 ], [ 70.5027, 19.3924 ], [ 70.5027, 19.3934 ], [ 70.5028, 19.3934 ], [ 70.5028, 19.3945 ], [ 70.5029, 19.3945 ], [ 70.5029, 19.3946 ] ] ] } },
{ "type": "Feature", "properties": { "slick_id": 22, "centroid": [ 71.064566, 19.377914 ], "bounding_box": [ 71.0632, 19.3746, 71.0658, 19.3814 ], "area_km2": 0.1188, "perimeter_m": 2270.93, "orientation": 92.12, "compactness": 0.2896, "confidence": 0.3809 }, "geometry": { "type": "Polygon", "coordinates": [ [ [ 71.0653, 19.3814 ], [ 71.0655, 19.3814 ], [ 71.0655, 19.3813 ], [ 71.0656, 19.3813 ], [ 71.0656, 19.3806 ], [ 71.0655, 19.3806 ], [ 71.0655, 19.3803 ], [ 71.0654, 19.3803 ], [ 71.0654, 19.3801 ], [ 71.0653, 19.3801 ], [ 71.0653, 19.3799 ], [ 71.0652, 19.3799 ], [ 71.0652, 19.3796 ], [ 71.0653, 19.3796 ], [ 71.0653, 19.3779 ], [ 71.0652, 19.3779 ], [ 71.0652, 19.3776 ], [ 71.0651, 19.3776 ], [ 71.0651, 19.3772 ], [ 71.065, 19.3772 ], [ 71.065, 19.3769 ], [ 71.0652, 19.3769 ], [ 71.0652, 19.3768 ], [ 71.0653, 19.3768 ], [ 71.0653, 19.3767 ], [ 71.0654, 19.3767 ], [ 71.0654, 19.3766 ], [ 71.0655, 19.3766 ], [ 71.0655, 19.3765 ], [ 71.0656, 19.3765 ], [ 71.0656, 19.3763 ], [ 71.0657, 19.3763 ], [ 71.0657, 19.3759 ], [ 71.0658, 19.3759 ], [ 71.0658, 19.3757 ], [ 71.0657, 19.3757 ], [ 71.0657, 19.3754 ], [ 71.0656, 19.3754 ], [ 71.0656, 19.3752 ], [ 71.0655, 19.3752 ], [ 71.0655, 19.375 ], [ 71.0654, 19.375 ], [ 71.0654, 19.3749 ], [ 71.0652, 19.3749 ], [ 71.0652, 19.3748 ], [ 71.0651, 19.3748 ], [ 71.0651, 19.3747 ], [ 71.065, 19.3747 ], [ 71.065, 19.3746 ], [ 71.0649, 19.3746 ], [ 71.0649, 19.3747 ], [ 71.0648, 19.3747 ], [ 71.0648, 19.3749 ], [ 71.0647, 19.3749 ], [ 71.0647, 19.3756 ], [ 71.0646, 19.3756 ], [ 71.0646, 19.3759 ], [ 71.0645, 19.3759 ], [ 71.0645, 19.376 ], [ 71.0643, 19.376 ], [ 71.0643, 19.3761 ], [ 71.0638, 19.3761 ], [ 71.0638, 19.376 ], [ 71.0633, 19.376 ], [ 71.0633, 19.3761 ], [ 71.0632, 19.3761 ], [ 71.0632, 19.3774 ], [ 71.0633, 19.3774 ], [ 71.0633, 19.3778 ], [ 71.0634, 19.3778 ], [ 71.0634, 19.378 ], [ 71.0635, 19.378 ], [ 71.0635, 19.3782 ], [ 71.0636, 19.3782 ], [ 71.0636, 19.3785 ], [ 71.0637, 19.3785 ], [ 71.0637, 19.3787 ], [ 71.0638, 19.3787 ], [ 71.0638, 19.379 ], [ 71.0639, 19.379 ], [ 71.0639, 19.3794 ], [ 71.064, 19.3794 ], [ 71.064, 19.38 ], [ 71.0641, 19.38 ], [ 71.0641, 19.3803 ], [ 71.0642, 19.3803 ], [ 71.0642, 19.3805 ], [ 71.0643, 19.3805 ], [ 71.0643, 19.3807 ], [ 71.0644, 19.3807 ], [ 71.0644, 19.3808 ], [ 71.0646, 19.3808 ], [ 71.0646, 19.3809 ], [ 71.0647, 19.3809 ], [ 71.0647, 19.381 ], [ 71.0648, 19.381 ], [ 71.0648, 19.3811 ], [ 71.0649, 19.3811 ], [ 71.0649, 19.3812 ], [ 71.0651, 19.3812 ], [ 71.0651, 19.3813 ], [ 71.0653, 19.3813 ], [ 71.0653, 19.3814 ] ] ] } },
{ "type": "Feature", "properties": { "slick_id": 23, "centroid": [ 70.891761, 19.347225 ], "bounding_box": [ 70.8903, 19.3464, 70.8932, 19.3483 ], "area_km2": 0.0507, "perimeter_m": 1090.94, "orientation": 0.0, "compactness": 0.5352, "confidence": 0.3775 }, "geometry": { "type": "Polygon", "coordinates": [ [ [ 70.8913, 19.3483 ], [ 70.8916, 19.3483 ], [ 70.8916, 19.3482 ], [ 70.892, 19.3482 ], [ 70.892, 19.3481 ], [ 70.8923, 19.3481 ], [ 70.8923, 19.348 ], [ 70.8925, 19.348 ], [ 70.8925, 19.3479 ], [ 70.8927, 19.3479 ], [ 70.8927, 19.3478 ], [ 70.8929, 19.3478 ], [ 70.8929, 19.3477 ], [ 70.893, 19.3477 ], [ 70.893, 19.3476 ], [ 70.8931, 19.3476 ], [ 70.8931, 19.3475 ], [ 70.8932, 19.3475 ], [ 70.8932, 19.3472 ], [ 70.8931, 19.3472 ], [ 70.8931, 19.3471 ], [ 70.8929, 19.3471 ], [ 70.8929, 19.3468 ], [ 70.893, 19.3468 ], [ 70.893, 19.3465 ], [ 70.8929, 19.3465 ], [ 70.8929, 19.3464 ], [ 70.8904, 19.3464 ], [ 70.8904, 19.3465 ], [ 70.8903, 19.3465 ], [ 70.8903, 19.3466 ], [ 70.8904, 19.3466 ], [ 70.8904, 19.3468 ], [ 70.8905, 19.3468 ], [ 70.8905, 19.347 ], [ 70.8906, 19.347 ], [ 70.8906, 19.3475 ], [ 70.8907, 19.3475 ], [ 70.8907, 19.3478 ], [ 70.8908, 19.3478 ], [ 70.8908, 19.3479 ], [ 70.8909, 19.3479 ], [ 70.8909, 19.3481 ], [ 70.891, 19.3481 ], [ 70.891, 19.3482 ], [ 70.8913, 19.3482 ], [ 70.8913, 19.3483 ] ] ] } },
{ "type": "Feature", "properties": { "slick_id": 24, "centroid": [ 70.846258, 19.33606 ], "bounding_box": [ 70.8451, 19.3352, 70.8475, 19.3369 ], "area_km2": 0.0325, "perimeter_m": 935.09, "orientation": 135.0, "compactness": 0.4666, "confidence": 0.3216 }, "geometry": { "type": "Polygon", "coordinates": [ [ [ 70.8456, 19.3369 ], [ 70.8463, 19.3369 ], [ 70.8463, 19.3368 ], [ 70.8465, 19.3368 ], [ 70.8465, 19.3367 ], [ 70.8466, 19.3367 ], [ 70.8466, 19.3366 ], [ 70.8467, 19.3366 ], [ 70.8467, 19.3365 ], [ 70.8468, 19.3365 ], [ 70.8468, 19.3363 ], [ 70.847, 19.3363 ], [ 70.847, 19.3362 ], [ 70.8471, 19.3362 ], [ 70.8471, 19.3361 ], [ 70.8472, 19.3361 ], [ 70.8472, 19.336 ], [ 70.8473, 19.336 ], [ 70.8473, 19.3359 ], [ 70.8474, 19.3359 ], [ 70.8474, 19.3356 ], [ 70.8475, 19.3356 ], [ 70.8475, 19.3354 ], [ 70.8474, 19.3354 ], [ 70.8474, 19.3353 ], [ 70.8472, 19.3353 ], [ 70.8472, 19.3352 ], [ 70.8466, 19.3352 ], [ 70.8466, 19.3353 ], [ 70.8465, 19.3353 ], [ 70.8465, 19.3354 ], [ 70.8464, 19.3354 ], [ 70.8464, 19.3355 ], [ 70.8462, 19.3355 ], [ 70.8462, 19.3356 ], [ 70.846, 19.3356 ], [ 70.846, 19.3355 ], [ 70.8456, 19.3355 ], [ 70.8456, 19.3356 ], [ 70.8455, 19.3356 ], [ 70.8455, 19.3357 ], [ 70.8454, 19.3357 ], [ 70.8454, 19.3358 ], [ 70.8453, 19.3358 ], [ 70.8453, 19.3362 ], [ 70.8452, 19.3362 ], [ 70.8452, 19.3364 ], [ 70.8451, 19.3364 ], [ 70.8451, 19.3367 ], [ 70.8452, 19.3367 ], [ 70.8452, 19.3368 ], [ 70.8456, 19.3368 ], [ 70.8456, 19.3369 ] ] ] } },
{ "type": "Feature", "properties": { "slick_id": 26, "centroid": [ 71.027507, 19.331263 ], "bounding_box": [ 71.024, 19.3281, 71.0311, 19.3338 ], "area_km2": 0.3185, "perimeter_m": 3651.3, "orientation": 10.3, "compactness": 0.3002, "confidence": 0.3986 }, "geometry": { "type": "Polygon", "coordinates": [ [ [ 71.0281, 19.3338 ], [ 71.0283, 19.3338 ], [ 71.0283, 19.3337 ], [ 71.0286, 19.3337 ], [ 71.0286, 19.3336 ], [ 71.0288, 19.3336 ], [ 71.0288, 19.3335 ], [ 71.029, 19.3335 ], [ 71.029, 19.3334 ], [ 71.0293, 19.3334 ], [ 71.0293, 19.3333 ], [ 71.0294, 19.3333 ], [ 71.0294, 19.3332 ], [ 71.0295, 19.3332 ], [ 71.0295, 19.3331 ], [ 71.0297, 19.3331 ], [ 71.0297, 19.333 ], [ 71.0304, 19.333 ], [ 71.0304, 19.3329 ], [ 71.0305, 19.3329 ], [ 71.0305, 19.3328 ], [ 71.0306, 19.3328 ], [ 71.0306, 19.3326 ], [ 71.0307, 19.3326 ], [ 71.0307, 19.3325 ], [ 71.0308, 19.3325 ], [ 71.0308, 19.3323 ], [ 71.0309, 19.3323 ], [ 71.0309, 19.332 ], [ 71.031, 19.332 ], [ 71.031, 19.3312 ], [ 71.0309, 19.3312 ], [ 71.0309, 19.3305 ], [ 71.031, 19.3305 ], [ 71.031, 19.3303 ], [ 71.0311, 19.3303 ], [ 71.0311, 19.3299 ], [ 71.031, 19.3299 ], [ 71.031, 19.3298 ], [ 71.0309, 19.3298 ], [ 71.0309, 19.3297 ], [ 71.0307, 19.3297 ], [ 71.0307, 19.3296 ], [ 71.0305, 19.3296 ], [ 71.0305, 19.3295 ], [ 71.0304, 19.3295 ], [ 71.0304, 19.3294 ], [ 71.0303, 19.3294 ], [ 71.0303, 19.3293 ], [ 71.0302, 19.3293 ], [ 71.0302, 19.3292 ], [ 71.0301, 19.3292 ], [ 71.0301, 19.3291 ], [ 71.03, 19.3291 ], [ 71.03, 19.329 ], [ 71.0298, 19.329 ], [ 71.0298, 19.3289 ], [ 71.0296, 19.3289 ], [ 71.0296, 19.329 ], [ 71.0294, 19.329 ], [ 71.0294, 19.3291 ], [ 71.0292, 19.3291 ], [ 71.0292, 19.3292 ], [ 71.0291, 19.3292 ], [ 71.0291, 19.3293 ], [ 71.0289, 19.3293 ], [ 71.0289, 19.3294 ], [ 71.0288, 19.3294 ], [ 71.0288, 19.3295 ], [ 71.0286, 19.3295 ], [ 71.0286, 19.3296 ], [ 71.0281, 19.3296 ], [ 71.0281, 19.3295 ], [ 71.0279, 19.3295 ], [ 71.0279, 19.3294 ], [ 71.0277, 19.3294 ], [ 71.0277, 19.3295 ], [ 71.0276, 19.3295 ], [ 71.0276, 19.3296 ], [ 71.0274, 19.3296 ], [ 71.0274, 19.3297 ], [ 71.0271, 19.3297 ], [ 71.0271, 19.3298 ], [ 71.0269, 19.3298 ], [ 71.0269, 19.3297 ], [ 71.0265, 19.3297 ], [ 71.0265, 19.3296 ], [ 71.0262, 19.3296 ], [ 71.0262, 19.3295 ], [ 71.026, 19.3295 ], [ 71.026, 19.3294 ], [ 71.0258, 19.3294 ], [ 71.0258, 19.3293 ], [ 71.0257, 19.3293 ], [ 71.0257, 19.3292 ], [ 71.0255, 19.3292 ], [ 71.0255, 19.3291 ], [ 71.0254, 19.3291 ], [ 71.0254, 19.329 ], [ 71.0253, 19.329 ], [ 71.0253, 19.3285 ], [ 71.0254, 19.3285 ], [ 71.0254, 19.3284 ], [ 71.0255, 19.3284 ], [ 71.0255, 19.3282 ], [ 71.0254, 19.3282 ], [ 71.0254, 19.3281 ], [ 71.0252, 19.3281 ], [ 71.0252, 19.3282 ], [ 71.0251, 19.3282 ], [ 71.0251, 19.3283 ], [ 71.025, 19.3283 ], [ 71.025, 19.3284 ], [ 71.0249, 19.3284 ], [ 71.0249, 19.3286 ], [ 71.0248, 19.3286 ], [ 71.0248, 19.3287 ], [ 71.0247, 19.3287 ], [ 71.0247, 19.3289 ], [ 71.0246, 19.3289 ], [ 71.0246, 19.3291 ], [ 71.0245, 19.3291 ], [ 71.0245, 19.3294 ], [ 71.0244, 19.3294 ], [ 71.0244, 19.3296 ], [ 71.0243, 19.3296 ], [ 71.0243, 19.3297 ], [ 71.0242, 19.3297 ], [ 71.0242, 19.3298 ], [ 71.0241, 19.3298 ], [ 71.0241, 19.3301 ], [ 71.024, 19.3301 ], [ 71.024, 19.3302 ], [ 71.0241, 19.3302 ], [ 71.0241, 19.3305 ], [ 71.0242, 19.3305 ], [ 71.0242, 19.3314 ], [ 71.0241, 19.3314 ], [ 71.0241, 19.332 ], [ 71.0242, 19.332 ], [ 71.0242, 19.3322 ], [ 71.0243, 19.3322 ], [ 71.0243, 19.3324 ], [ 71.0244, 19.3324 ], [ 71.0244, 19.3325 ], [ 71.0245, 19.3325 ], [ 71.0245, 19.3326 ], [ 71.0246, 19.3326 ], [ 71.0246, 19.3327 ], [ 71.0247, 19.3327 ], [ 71.0247, 19.3329 ], [ 71.0248, 19.3329 ], [ 71.0248, 19.333 ], [ 71.0249, 19.333 ], [ 71.0249, 19.3331 ], [ 71.025, 19.3331 ], [ 71.025, 19.3332 ], [ 71.0252, 19.3332 ], [ 71.0252, 19.3333 ], [ 71.026, 19.3333 ], [ 71.026, 19.3332 ], [ 71.0262, 19.3332 ], [ 71.0262, 19.3331 ], [ 71.0266, 19.3331 ], [ 71.0266, 19.3332 ], [ 71.0268, 19.3332 ], [ 71.0268, 19.3333 ], [ 71.027, 19.3333 ], [ 71.027, 19.3334 ], [ 71.0272, 19.3334 ], [ 71.0272, 19.3335 ], [ 71.0274, 19.3335 ], [ 71.0274, 19.3336 ], [ 71.0278, 19.3336 ], [ 71.0278, 19.3337 ], [ 71.0281, 19.3337 ], [ 71.0281, 19.3338 ] ], [ [ 71.0278, 19.3314 ], [ 71.0278, 19.3313 ], [ 71.0276, 19.3313 ], [ 71.0276, 19.3306 ], [ 71.0278, 19.3306 ], [ 71.0278, 19.3305 ], [ 71.0284, 19.3305 ], [ 71.0284, 19.3306 ], [ 71.0286, 19.3306 ], [ 71.0286, 19.331 ], [ 71.0285, 19.331 ], [ 71.0285, 19.3312 ], [ 71.0283, 19.3312 ], [ 71.0283, 19.3313 ], [ 71.0281, 19.3313 ], [ 71.0281, 19.3314 ], [ 71.0278, 19.3314 ] ] ] } },
{ "type": "Feature", "properties": { "slick_id": 27, "centroid": [ 71.028218, 19.327208 ], "bounding_box": [ 71.027, 19.3265, 71.0296, 19.3283 ], "area_km2": 0.0404, "perimeter_m": 1046.41, "orientation": 0.0, "compactness": 0.4636, "confidence": 0.3115 }, "geometry": { "type": "Polygon", "coordinates": [ [ [ 71.0277, 19.3283 ], [ 71.0278, 19.3283 ], [ 71.0278, 19.3282 ], [ 71.0279, 19.3282 ], [ 71.0279, 19.3281 ], [ 71.028, 19.3281 ], [ 71.028, 19.328 ], [ 71.0281, 19.328 ], [ 71.0281, 19.3279 ], [ 71.0282, 19.3279 ], [ 71.0282, 19.3278 ], [ 71.0283, 19.3278 ], [ 71.0283, 19.3277 ], [ 71.0285, 19.3277 ], [ 71.0285, 19.3276 ], [ 71.0288, 19.3276 ], [ 71.0288, 19.3277 ], [ 71.029, 19.3277 ], [ 71.029, 19.3278 ], [ 71.0291, 19.3278 ], [ 71.0291, 19.3277 ], [ 71.0293, 19.3277 ], [ 71.0293, 19.3276 ], [ 71.0295, 19.3276 ], [ 71.0295, 19.3275 ], [ 71.0296, 19.3275 ], [ 71.0296, 19.3269 ], [ 71.0295, 19.3269 ], [ 71.0295, 19.3267 ], [ 71.0294, 19.3267 ], [ 71.0294, 19.3266 ], [ 71.0292, 19.3266 ], [ 71.0292, 19.3265 ], [ 71.0287, 19.3265 ], [ 71.0287, 19.3266 ], [ 71.0285, 19.3266 ], [ 71.0285, 19.3265 ], [ 71.0273, 19.3265 ], [ 71.0273, 19.3266 ], [ 71.0272, 19.3266 ], [ 71.0272, 19.3267 ], [ 71.0271, 19.3267 ], [ 71.0271, 19.3268 ], [ 71.027, 19.3268 ], [ 71.027, 19.3273 ], [ 71.0271, 19.3273 ], [ 71.0271, 19.3278 ], [ 71.0272, 19.3278 ], [ 71.0272, 19.3279 ], [ 71.0273, 19.3279 ], [ 71.0273, 19.328 ], [ 71.0274, 19.328 ], [ 71.0274, 19.3281 ], [ 71.0276, 19.3281 ], [ 71.0276, 19.3282 ], [ 71.0277, 19.3282 ], [ 71.0277, 19.3283 ] ] ] } },
{ "type": "Feature", "properties": { "slick_id": 28, "centroid": [ 70.80222, 19.316277 ], "bounding_box": [ 70.7966, 19.3089, 70.8084, 19.3246 ], "area_km2": 0.8386, "perimeter_m": 7836.93, "orientation": 81.57, "compactness": 0.1716, "confidence": 0.5449 }, "geometry": { "type": "Polygon", "coordinates": [ [ [ 70.807, 19.3246 ], [ 70.8071, 19.3246 ], [ 70.8071, 19.3245 ], [ 70.8072, 19.3245 ], [ 70.8072, 19.3233 ], [ 70.8074, 19.3233 ], [ 70.8074, 19.3232 ], [ 70.8075, 19.3232 ], [ 70.8075, 19.3233 ], [ 70.8077, 19.3233 ], [ 70.8077, 19.3234 ], [ 70.8078, 19.3234 ], [ 70.8078, 19.3235 ], [ 70.8083, 19.3235 ], [ 70.8083, 19.3234 ], [ 70.8084, 19.3234 ], [ 70.8084, 19.3229 ], [ 70.8083, 19.3229 ], [ 70.8083, 19.3227 ], [ 70.8082, 19.3227 ], [ 70.8082, 19.3222 ], [ 70.8081, 19.3222 ], [ 70.8081, 19.3219 ], [ 70.808, 19.3219 ], [ 70.808, 19.3215 ], [ 70.8079, 19.3215 ], [ 70.8079, 19.3214 ], [ 70.8074, 19.3214 ], [ 70.8074, 19.3213 ], [ 70.8072, 19.3213 ], [ 70.8072, 19.3211 ], [ 70.8071, 19.3211 ], [ 70.8071, 19.3207 ], [ 70.8072, 19.3207 ], [ 70.8072, 19.3192 ], [ 70.8071, 19.3192 ], [ 70.8071, 19.3191 ], [ 70.807, 19.3191 ], [ 70.807, 19.3189 ], [ 70.8069, 19.3189 ], [ 70.8069, 19.3188 ], [ 70.8068, 19.3188 ], [ 70.8068, 19.3187 ], [ 70.8067, 19.3187 ], [ 70.8067, 19.3186 ], [ 70.8066, 19.3186 ], [ 70.8066, 19.3185 ], [ 70.8064, 19.3185 ], [ 70.8064, 19.3184 ], [ 70.8062, 19.3184 ], [ 70.8062, 19.3183 ], [ 70.8054, 19.3183 ], [ 70.8054, 19.3182 ], [ 70.8052, 19.3182 ], [ 70.8052, 19.3181 ], [ 70.8051, 19.3181 ], [ 70.8051, 19.318 ], [ 70.805, 19.318 ], [ 70.805, 19.3179 ], [ 70.8038, 19.3179 ], [ 70.8038, 19.3178 ], [ 70.8036, 19.3178 ], [ 70.8036, 19.3177 ], [ 70.8034, 19.3177 ], [ 70.8034, 19.3176 ], [ 70.8033, 19.3176 ], [ 70.8033, 19.3175 ], [ 70.8032, 19.3175 ], [ 70.8032, 19.3174 ], [ 70.803, 19.3174 ], [ 70.803, 19.3172 ], [ 70.8029, 19.3172 ], [ 70.8029, 19.3158 ], [ 70.803, 19.3158 ], [ 70.803, 19.3152 ], [ 70.8031, 19.3152 ], [ 70.8031, 19.3151 ], [ 70.8032, 19.3151 ], [ 70.8032, 19.3145 ], [ 70.8034, 19.3145 ], [ 70.8034, 19.3144 ], [ 70.8035, 19.3144 ], [ 70.8035, 19.3143 ], [ 70.8037, 19.3143 ], [ 70.8037, 19.3142 ], [ 70.8038, 19.3142 ], [ 70.8038, 19.3134 ], [ 70.8039, 19.3134 ], [ 70.8039, 19.3132 ], [ 70.804, 19.3132 ], [ 70.804, 19.3123 ], [ 70.8039, 19.3123 ], [ 70.8039, 19.3117 ], [ 70.804, 19.3117 ], [ 70.804, 19.3116 ], [ 70.8042, 19.3116 ], [ 70.8042, 19.3115 ], [ 70.8044, 19.3115 ], [ 70.8044, 19.3116 ], [ 70.805, 19.3116 ], [ 70.805, 19.3115 ], [ 70.8051, 19.3115 ], [ 70.8051, 19.3111 ], [ 70.8052, 19.3111 ], [ 70.8052, 19.3102 ], [ 70.8051, 19.3102 ], [ 70.8051, 19.3098 ], [ 70.8053, 19.3098 ], [ 70.8053, 19.3097 ], [ 70.8054, 19.3097 ], [ 70.8054, 19.3098 ], [ 70.8057, 19.3098 ], [ 70.8057, 19.3099 ], [ 70.8059, 19.3099 ], [ 70.8059, 19.31 ], [ 70.806, 19.31 ], [ 70.806, 19.3102 ], [ 70.8061, 19.3102 ], [ 70.8061, 19.3103 ], [ 70.8062, 19.3103 ], [ 70.8062, 19.3102 ], [ 70.8063, 19.3102 ], [ 70.8063, 19.3097 ], [ 70.8064, 19.3097 ], [ 70.8064, 19.3094 ], [ 70.8063, 19.3094 ], [ 70.8063, 19.3093 ], [ 70.8062, 19.3093 ], [ 70.8062, 19.3091 ], [ 70.8061, 19.3091 ], [ 70.8061, 19.309 ], [ 70.806, 19.309 ], [ 70.806, 19.3089 ], [ 70.8053, 19.3089 ], [ 70.8053, 19.309 ], [ 70.8052, 19.309 ], [ 70.8052, 19.3092 ], [ 70.8051, 19.3092 ], [ 70.8051, 19.3093 ], [ 70.8049, 19.3093 ], [ 70.8049, 19.3094 ], [ 70.8048, 19.3094 ], [ 70.8048, 19.3093 ], [ 70.8046, 19.3093 ], [ 70.8046, 19.3092 ], [ 70.8045, 19.3092 ], [ 70.8045, 19.3091 ], [ 70.8044, 19.3091 ], [ 70.8044, 19.309 ], [ 70.8041, 19.309 ], [ 70.8041, 19.3089 ], [ 70.8038, 19.3089 ], [ 70.8038, 19.309 ], [ 70.8037, 19.309 ], [ 70.8037, 19.3091 ], [ 70.8036, 19.3091 ], [ 70.8036, 19.3092 ], [ 70.8035, 19.3092 ], [ 70.8035, 19.3094 ], [ 70.8034, 19.3094 ], [ 70.8034, 19.3097 ], [ 70.8033, 19.3097 ], [ 70.8033, 19.3099 ], [ 70.8032, 19.3099 ], [ 70.8032, 19.31 ], [ 70.803, 19.31 ], [ 70.803, 19.3101 ], [ 70.8028, 19.3101 ], [ 70.8028, 19.3102 ], [ 70.8026, 19.3102 ], [ 70.8026, 19.3103 ], [ 70.8025, 19.3103 ], [ 70.8025, 19.3104 ], [ 70.8024, 19.3104 ], [ 70.8024, 19.3105 ], [ 70.8023, 19.3105 ], [ 70.8023, 19.3106 ], [ 70.8022, 19.3106 ], [ 70.8022, 19.3107 ], [ 70.802, 19.3107 ], [ 70.802, 19.3108 ], [ 70.8016, 19.3108 ], [ 70.8016, 19.3109 ], [ 70.8013, 19.3109 ], [ 70.8013, 19.311 ], [ 70.8011, 19.311 ], [ 70.8011, 19.3111 ], [ 70.801, 19.3111 ], [ 70.801, 19.3112 ], [ 70.8009, 19.3112 ], [ 70.8009, 19.3113 ], [ 70.8008, 19.3113 ], [ 70.8008, 19.3116 ], [ 70.8006, 19.3116 ], [ 70.8006, 19.3117 ], [ 70.8002, 19.3117 ], [ 70.8002, 19.3118 ], [ 70.8, 19.3118 ], [ 70.8, 19.3119 ], [ 70.7999, 19.3119 ], [ 70.7999, 19.312 ], [ 70.7998, 19.312 ], [ 70.7998, 19.3122 ], [ 70.7997, 19.3122 ], [ 70.7997, 19.3124 ], [ 70.7996, 19.3124 ], [ 70.7996, 19.3125 ], [ 70.7995, 19.3125 ], [ 70.7995, 19.3127 ], [ 70.7994, 19.3127 ], [ 70.7994, 19.3128 ], [ 70.7993, 19.3128 ], [ 70.7993, 19.3129 ], [ 70.7992, 19.3129 ], [ 70.7992, 19.313 ], [ 70.7991, 19.313 ], [ 70.7991, 19.3131 ], [ 70.799, 19.3131 ], [ 70.799, 19.3133 ], [ 70.7989, 19.3133 ], [ 70.7989, 19.3135 ], [ 70.7988, 19.3135 ], [ 70.7988, 19.3136 ], [ 70.7987, 19.3136 ], [ 70.7987, 19.3137 ], [ 70.7986, 19.3137 ], [ 70.7986, 19.3138 ], [ 70.7985, 19.3138 ], [ 70.7985, 19.3139 ], [ 70.7984, 19.3139 ], [ 70.7984, 19.314 ], [ 70.7983, 19.314 ], [ 70.7983, 19.3141 ], [ 70.7982, 19.3141 ], [ 70.7982, 19.3142 ], [ 70.7981, 19.3142 ], [ 70.7981, 19.3143 ], [ 70.798, 19.3143 ], [ 70.798, 19.3144 ], [ 70.7978, 19.3144 ], [ 70.7978, 19.3145 ], [ 70.7977, 19.3145 ], [ 70.7977, 19.3147 ], [ 70.7976, 19.3147 ], [ 70.7976, 19.3148 ], [ 70.7975, 19.3148 ], [ 70.7975, 19.3149 ], [ 70.7974, 19.3149 ], [ 70.7974, 19.315 ], [ 70.7973, 19.315 ], [ 70.7973, 19.3152 ], [ 70.7972, 19.3152 ], [ 70.7972, 19.3153 ], [ 70.7971, 19.3153 ], [ 70.7971, 19.3154 ], [ 70.797, 19.3154 ], [ 70.797, 19.3155 ], [ 70.7969, 19.3155 ], [ 70.7969, 19.3157 ], [ 70.7968, 19.3157 ], [ 70.7968, 19.3159 ], [ 70.7967, 19.3159 ], [ 70.7967, 19.3164 ], [ 70.7966, 19.3164 ], [ 70.7966, 19.3167 ], [ 70.7967, 19.3167 ], [ 70.7967, 19.3172 ], [ 70.7968, 19.3172 ], [ 70.7968, 19.3174 ], [ 70.7969, 19.3174 ], [ 70.7969, 19.3176 ], [ 70.797, 19.3176 ], [ 70.797, 19.3177 ], [ 70.7971, 19.3177 ], [ 70.7971, 19.3178 ], [ 70.7972, 19.3178 ], [ 70.7972, 19.3182 ], [ 70.7973, 19.3182 ], [ 70.7973, 19.3183 ], [ 70.7974, 19.3183 ], [ 70.7974, 19.3184 ], [ 70.7975, 19.3184 ], [ 70.7975, 19.3185 ], [ 70.7977, 19.3185 ], [ 70.7977, 19.3186 ], [ 70.7978, 19.3186 ], [ 70.7978, 19.3187 ], [ 70.7979, 19.3187 ], [ 70.7979, 19.3188 ], [ 70.798, 19.3188 ], [ 70.798, 19.319 ], [ 70.7981, 19.319 ], [ 70.7981, 19.3194 ], [ 70.7982, 19.3194 ], [ 70.7982, 19.3195 ], [ 70.7986, 19.3195 ], [ 70.7986, 19.3196 ], [ 70.799, 19.3196 ], [ 70.799, 19.3195 ], [ 70.7991, 19.3195 ], [ 70.7991, 19.3193 ], [ 70.7992, 19.3193 ], [ 70.7992, 19.3192 ], [ 70.7993, 19.3192 ], [ 70.7993, 19.3191 ], [ 70.7994, 19.3191 ], [ 70.7994, 19.319 ], [ 70.7996, 19.319 ], [ 70.7996, 19.3189 ], [ 70.7999, 19.3189 ], [ 70.7999, 19.319 ], [ 70.8004, 19.319 ], [ 70.8004, 19.3191 ], [ 70.8006, 19.3191 ], [ 70.8006, 19.3195 ], [ 70.8005, 19.3195 ], [ 70.8005, 19.3199 ], [ 70.8006, 19.3199 ], [ 70.8006, 19.32 ], [ 70.8007, 19.32 ], [ 70.8007, 19.3201 ], [ 70.8013, 19.3201 ], [ 70.8013, 19.32 ], [ 70.8014, 19.32 ], [ 70.8014, 19.3199 ], [ 70.8015, 19.3199 ], [ 70.8015, 19.3197 ], [ 70.8016, 19.3197 ], [ 70.8016, 19.3195 ], [ 70.8018, 19.3195 ], [ 70.8018, 19.3194 ], [ 70.802, 19.3194 ], [ 70.802, 19.3195 ], [ 70.8024, 19.3195 ], [ 70.8024, 19.3194 ], [ 70.8028, 19.3194 ], [ 70.8028, 19.3195 ], [ 70.803, 19.3195 ], [ 70.803, 19.3197 ], [ 70.8031, 19.3197 ], [ 70.8031, 19.3207 ], [ 70.8032, 19.3207 ], [ 70.8032, 19.3208 ], [ 70.8057, 19.3208 ], [ 70.8057, 19.3209 ], [ 70.8059, 19.3209 ], [ 70.8059, 19.3212 ], [ 70.8058, 19.3212 ], [ 70.8058, 19.3213 ], [ 70.8056, 19.3213 ], [ 70.8056, 19.3214 ], [ 70.8055, 19.3214 ], [ 70.8055, 19.3216 ], [ 70.8056, 19.3216 ], [ 70.8056, 19.3217 ], [ 70.8057, 19.3217 ], [ 70.8057, 19.3218 ], [ 70.8058, 19.3218 ], [ 70.8058, 19.3221 ], [ 70.8059, 19.3221 ], [ 70.8059, 19.3225 ], [ 70.806, 19.3225 ], [ 70.806, 19.3227 ], [ 70.8061, 19.3227 ], [ 70.8061, 19.3229 ], [ 70.8062, 19.3229 ], [ 70.8062, 19.323 ], [ 70.8063, 19.323 ], [ 70.8063, 19.3231 ], [ 70.8064, 19.3231 ], [ 70.8064, 19.3232 ], [ 70.8066, 19.3232 ], [ 70.8066, 19.3236 ], [ 70.8065, 19.3236 ], [ 70.8065, 19.3237 ], [ 70.8063, 19.3237 ], [ 70.8063, 19.3238 ], [ 70.8062, 19.3238 ], [ 70.8062, 19.3239 ], [ 70.8063, 19.3239 ], [ 70.8063, 19.324 ], [ 70.8064, 19.324 ], [ 70.8064, 19.3241 ], [ 70.8066, 19.3241 ], [ 70.8066, 19.3242 ], [ 70.8067, 19.3242 ], [ 70.8067, 19.3243 ], [ 70.8068, 19.3243 ], [ 70.8068, 19.3244 ], [ 70.8069, 19.3244 ], [ 70.8069, 19.3245 ], [ 70.807, 19.3245 ], [ 70.807, 19.3246 ] ] ] } },
{ "type": "Feature", "properties": { "slick_id": 29, "centroid": [ 70.810959, 19.306564 ], "bounding_box": [ 70.8076, 19.3033, 70.814, 19.3092 ], "area_km2": 0.2312, "perimeter_m": 3005.64, "orientation": 28.18, "compactness": 0.3217, "confidence": 0.5995 }, "geometry": { "type": "Polygon", "coordinates": [ [ [ 70.8113, 19.3092 ], [ 70.8119, 19.3092 ], [ 70.8119, 19.3091 ], [ 70.812, 19.3091 ], [ 70.812, 19.309 ], [ 70.8122, 19.309 ], [ 70.8122, 19.3089 ], [ 70.8123, 19.3089 ], [ 70.8123, 19.3088 ], [ 70.8125, 19.3088 ], [ 70.8125, 19.3087 ], [ 70.8126, 19.3087 ], [ 70.8126, 19.3086 ], [ 70.8127, 19.3086 ], [ 70.8127, 19.3085 ], [ 70.8129, 19.3085 ], [ 70.8129, 19.3084 ], [ 70.813, 19.3084 ], [ 70.813, 19.3083 ], [ 70.8131, 19.3083 ], [ 70.8131, 19.3082 ], [ 70.8132, 19.3082 ], [ 70.8132, 19.3081 ], [ 70.8134, 19.3081 ], [ 70.8134, 19.308 ], [ 70.8135, 19.308 ], [ 70.8135, 19.3079 ], [ 70.8136, 19.3079 ], [ 70.8136, 19.3077 ], [ 70.8137, 19.3077 ], [ 70.8137, 19.3072 ], [ 70.8138, 19.3072 ], [ 70.8138, 19.307 ], [ 70.8139, 19.307 ], [ 70.8139, 19.3068 ], [ 70.814, 19.3068 ], [ 70.814, 19.3063 ], [ 70.8139, 19.3063 ], [ 70.8139, 19.3061 ], [ 70.8138, 19.3061 ], [ 70.8138, 19.306 ], [ 70.8137, 19.306 ], [ 70.8137, 19.3059 ], [ 70.8135, 19.3059 ], [ 70.8135, 19.3058 ], [ 70.8134, 19.3058 ], [ 70.8134, 19.3057 ], [ 70.8131, 19.3057 ], [ 70.8131, 19.3056 ], [ 70.8128, 19.3056 ], [ 70.8128, 19.3055 ], [ 70.8126, 19.3055 ], [ 70.8126, 19.3054 ], [ 70.8124, 19.3054 ], [ 70.8124, 19.3053 ], [ 70.8123, 19.3053 ], [ 70.8123, 19.3052 ], [ 70.8118, 19.3052 ], [ 70.8118, 19.3051 ], [ 70.8115, 19.3051 ], [ 70.8115, 19.305 ], [ 70.8113, 19.305 ], [ 70.8113, 19.3049 ], [ 70.8112, 19.3049 ], [ 70.8112, 19.3048 ], [ 70.8111, 19.3048 ], [ 70.8111, 19.3047 ], [ 70.811, 19.3047 ], [ 70.811, 19.3046 ], [ 70.8109, 19.3046 ], [ 70.8109, 19.3045 ], [ 70.8108, 19.3045 ], [ 70.8108, 19.3044 ], [ 70.8107, 19.3044 ], [ 70.8107, 19.3043 ], [ 70.8106, 19.3043 ], [ 70.8106, 19.3042 ], [ 70.8102, 19.3042 ], [ 70.8102, 19.3043 ], [ 70.8101, 19.3043 ], [ 70.8101, 19.3044 ], [ 70.81, 19.3044 ], [ 70.81, 19.3053 ], [ 70.8098, 19.3053 ], [ 70.8098, 19.3054 ], [ 70.8097, 19.3054 ], [ 70.8097, 19.3053 ], [ 70.8095, 19.3053 ], [ 70.8095, 19.3052 ], [ 70.8093, 19.3052 ], [ 70.8093, 19.305 ], [ 70.8092, 19.305 ], [ 70.8092, 19.3049 ], [ 70.8091, 19.3049 ], [ 70.8091, 19.3048 ], [ 70.809, 19.3048 ], [ 70.809, 19.3047 ], [ 70.8089, 19.3047 ], [ 70.8089, 19.3046 ], [ 70.8088, 19.3046 ], [ 70.8088, 19.3045 ], [ 70.8087, 19.3045 ], [ 70.8087, 19.3044 ], [ 70.8086, 19.3044 ], [ 70.8086, 19.3043 ], [ 70.8085, 19.3043 ], [ 70.8085, 19.3041 ], [ 70.8084, 19.3041 ], [ 70.8084, 19.3039 ], [ 70.8083, 19.3039 ], [ 70.8083, 19.3038 ], [ 70.8082, 19.3038 ], [ 70.8082, 19.3037 ], [ 70.8081, 19.3037 ], [ 70.8081, 19.3035 ], [ 70.808, 19.3035 ], [ 70.808, 19.3034 ], [ 70.8079, 19.3034 ], [ 70.8079, 19.3033 ], [ 70.8078, 19.3033 ], [ 70.8078, 19.3034 ], [ 70.8077, 19.3034 ], [ 70.8077, 19.3037 ], [ 70.8076, 19.3037 ], [ 70.8076, 19.3043 ], [ 70.8077, 19.3043 ], [ 70.8077, 19.3049 ], [ 70.8078, 19.3049 ], [ 70.8078, 19.3051 ], [ 70.8079, 19.3051 ], [ 70.8079, 19.3052 ], [ 70.808, 19.3052 ], [ 70.808, 19.3053 ], [ 70.8081, 19.3053 ], [ 70.8081, 19.3054 ], [ 70.8082, 19.3054 ], [ 70.8082, 19.3055 ], [ 70.8083, 19.3055 ], [ 70.8083, 19.3056 ], [ 70.8084, 19.3056 ], [ 70.8084, 19.3058 ], [ 70.8085, 19.3058 ], [ 70.8085, 19.3059 ], [ 70.8086, 19.3059 ], [ 70.8086, 19.3061 ], [ 70.8087, 19.3061 ], [ 70.8087, 19.3063 ], [ 70.8088, 19.3063 ], [ 70.8088, 19.3066 ], [ 70.8089, 19.3066 ], [ 70.8089, 19.3068 ], [ 70.809, 19.3068 ], [ 70.809, 19.307 ], [ 70.8091, 19.307 ], [ 70.8091, 19.3073 ], [ 70.8092, 19.3073 ], [ 70.8092, 19.3074 ], [ 70.8093, 19.3074 ], [ 70.8093, 19.3076 ], [ 70.8094, 19.3076 ], [ 70.8094, 19.3077 ], [ 70.8095, 19.3077 ], [ 70.8095, 19.3078 ], [ 70.8096, 19.3078 ], [ 70.8096, 19.3079 ], [ 70.8097, 19.3079 ], [ 70.8097, 19.308 ], [ 70.8098, 19.308 ], [ 70.8098, 19.3081 ], [ 70.8099, 19.3081 ], [ 70.8099, 19.3082 ], [ 70.81, 19.3082 ], [ 70.81, 19.3083 ], [ 70.8101, 19.3083 ], [ 70.8101, 19.3085 ], [ 70.8102, 19.3085 ], [ 70.8102, 19.3086 ], [ 70.8103, 19.3086 ], [ 70.8103, 19.3087 ], [ 70.8104, 19.3087 ], [ 70.8104, 19.3088 ], [ 70.8105, 19.3088 ], [ 70.8105, 19.3089 ], [ 70.8107, 19.3089 ], [ 70.8107, 19.309 ], [ 70.811, 19.309 ], [ 70.811, 19.3091 ], [ 70.8113, 19.3091 ], [ 70.8113, 19.3092 ] ] ] } },
{ "type": "Feature", "properties": { "slick_id": 30, "centroid": [ 70.802591, 19.294995 ], "bounding_box": [ 70.8, 19.290399999999998, 70.8054, 19.2987 ], "area_km2": 0.4134, "perimeter_m": 3094.7, "orientation": 79.7, "compactness": 0.5424, "confidence": 0.6872 }, "geometry": { "type": "Polygon", "coordinates": [ [ [ 70.801, 19.2987 ], [ 70.8026, 19.2987 ], [ 70.8026, 19.2986 ], [ 70.8032, 19.2986 ], [ 70.8032, 19.2985 ], [ 70.8039, 19.2985 ], [ 70.8039, 19.2984 ], [ 70.8042, 19.2984 ], [ 70.8042, 19.2983 ], [ 70.8046, 19.2983 ], [ 70.8046, 19.2982 ], [ 70.805, 19.2982 ], [ 70.805, 19.2981 ], [ 70.8052, 19.2981 ], [ 70.8052, 19.298 ], [ 70.8053, 19.298 ], [ 70.8053, 19.2979 ], [ 70.8054, 19.2979 ], [ 70.8054, 19.2976 ], [ 70.8053, 19.2976 ], [ 70.8053, 19.2965 ], [ 70.8052, 19.2965 ], [ 70.8052, 19.2962 ], [ 70.8051, 19.2962 ], [ 70.8051, 19.2954 ], [ 70.805, 19.2954 ], [ 70.805, 19.295 ], [ 70.8049, 19.295 ], [ 70.8049, 19.2947 ], [ 70.8048, 19.2947 ], [ 70.8048, 19.2944 ], [ 70.8047, 19.2944 ], [ 70.8047, 19.294 ], [ 70.8046, 19.294 ], [ 70.8046, 19.2937 ], [ 70.8045, 19.2937 ], [ 70.8045, 19.2934 ], [ 70.8044, 19.2934 ], [ 70.8044, 19.293 ], [ 70.8043, 19.293 ], [ 70.8043, 19.2925 ], [ 70.8042, 19.2925 ], [ 70.8042, 19.2921 ], [ 70.8041, 19.2921 ], [ 70.8041, 19.2919 ], [ 70.804, 19.2919 ], [ 70.804, 19.2917 ], [ 70.8039, 19.2917 ], [ 70.8039, 19.2915 ], [ 70.8038, 19.2915 ], [ 70.8038, 19.2913 ], [ 70.8037, 19.2913 ], [ 70.8037, 19.2907 ], [ 70.8036, 19.2907 ], [ 70.8036, 19.2906 ], [ 70.8035, 19.2906 ], [ 70.8035, 19.2905 ], [ 70.8034, 19.2905 ], [ 70.8034, 19.2904 ], [ 70.8022, 19.2904 ], [ 70.8022, 19.2905 ], [ 70.8019, 19.2905 ], [ 70.8019, 19.2906 ], [ 70.8017, 19.2906 ], [ 70.8017, 19.2907 ], [ 70.8016, 19.2907 ], [ 70.8016, 19.2908 ], [ 70.8015, 19.2908 ], [ 70.8015, 19.291 ], [ 70.8014, 19.291 ], [ 70.8014, 19.2911 ], [ 70.8013, 19.2911 ], [ 70.8013, 19.2913 ], [ 70.8012, 19.2913 ], [ 70.8012, 19.2915 ], [ 70.8011, 19.2915 ], [ 70.8011, 19.2918 ], [ 70.801, 19.2918 ], [ 70.801, 19.2921 ], [ 70.8009, 19.2921 ], [ 70.8009, 19.2922 ], [ 70.8008, 19.2922 ], [ 70.8008, 19.2924 ], [ 70.8007, 19.2924 ], [ 70.8007, 19.2925 ], [ 70.8006, 19.2925 ], [ 70.8006, 19.2927 ], [ 70.8005, 19.2927 ], [ 70.8005, 19.293 ], [ 70.8004, 19.293 ], [ 70.8004, 19.2939 ], [ 70.8005, 19.2939 ], [ 70.8005, 19.2942 ], [ 70.8006, 19.2942 ], [ 70.8006, 19.2947 ], [ 70.8005, 19.2947 ], [ 70.8005, 19.2949 ], [ 70.8004, 19.2949 ], [ 70.8004, 19.295 ], [ 70.8003, 19.295 ], [ 70.8003, 19.2951 ], [ 70.8002, 19.2951 ], [ 70.8002, 19.2953 ], [ 70.8001, 19.2953 ], [ 70.8001, 19.2956 ], [ 70.8, 19.2956 ], [ 70.8, 19.2968 ], [ 70.8001, 19.2968 ], [ 70.8001, 19.2973 ], [ 70.8002, 19.2973 ], [ 70.8002, 19.2977 ], [ 70.8003, 19.2977 ], [ 70.8003, 19.2979 ], [ 70.8004, 19.2979 ], [ 70.8004, 19.2981 ], [ 70.8005, 19.2981 ], [ 70.8005, 19.2982 ], [ 70.8006, 19.2982 ], [ 70.8006, 19.2983 ], [ 70.8007, 19.2983 ], [ 70.8007, 19.2984 ], [ 70.8008, 19.2984 ], [ 70.8008, 19.2985 ], [ 70.8009, 19.2985 ], [ 70.8009, 19.2986 ], [ 70.801, 19.2986 ], [ 70.801, 19.2987 ] ] ] } },
{ "type": "Feature", "properties": { "slick_id": 31, "centroid": [ 70.811102, 19.283306 ], "bounding_box": [ 70.8097, 19.2808, 70.8124, 19.2855 ], "area_km2": 0.102, "perimeter_m": 1825.65, "orientation": 90.0, "compactness": 0.3845, "confidence": 0.4207 }, "geometry": { "type": "Polygon", "coordinates": [ [ [ 70.8109, 19.2855 ], [ 70.8111, 19.2855 ], [ 70.8111, 19.2854 ], [ 70.8112, 19.2854 ], [ 70.8112, 19.2853 ], [ 70.8114, 19.2853 ], [ 70.8114, 19.2852 ], [ 70.8115, 19.2852 ], [ 70.8115, 19.2853 ], [ 70.8122, 19.2853 ], [ 70.8122, 19.2852 ], [ 70.8123, 19.2852 ], [ 70.8123, 19.2851 ], [ 70.8124, 19.2851 ], [ 70.8124, 19.2835 ], [ 70.8123, 19.2835 ], [ 70.8123, 19.2832 ], [ 70.8122, 19.2832 ], [ 70.8122, 19.2829 ], [ 70.8121, 19.2829 ], [ 70.8121, 19.2827 ], [ 70.812, 19.2827 ], [ 70.812, 19.2825 ], [ 70.8119, 19.2825 ], [ 70.8119, 19.2824 ], [ 70.8118, 19.2824 ], [ 70.8118, 19.2822 ], [ 70.8117, 19.2822 ], [ 70.8117, 19.2819 ], [ 70.8116, 19.2819 ], [ 70.8116, 19.2815 ], [ 70.8115, 19.2815 ], [ 70.8115, 19.2814 ], [ 70.8114, 19.2814 ], [ 70.8114, 19.2813 ], [ 70.8112, 19.2813 ], [ 70.8112, 19.2812 ], [ 70.8108, 19.2812 ], [ 70.8108, 19.2811 ], [ 70.8106, 19.2811 ], [ 70.8106, 19.281 ], [ 70.8104, 19.281 ], [ 70.8104, 19.2809 ], [ 70.8103, 19.2809 ], [ 70.8103, 19.2808 ], [ 70.8098, 19.2808 ], [ 70.8098, 19.2809 ], [ 70.8097, 19.2809 ], [ 70.8097, 19.2811 ], [ 70.8098, 19.2811 ], [ 70.8098, 19.2814 ], [ 70.8099, 19.2814 ], [ 70.8099, 19.2816 ], [ 70.81, 19.2816 ], [ 70.81, 19.2817 ], [ 70.8101, 19.2817 ], [ 70.8101, 19.2819 ], [ 70.8102, 19.2819 ], [ 70.8102, 19.282 ], [ 70.8103, 19.282 ], [ 70.8103, 19.2822 ], [ 70.8104, 19.2822 ], [ 70.8104, 19.2828 ], [ 70.8103, 19.2828 ], [ 70.8103, 19.283 ], [ 70.8102, 19.283 ], [ 70.8102, 19.2832 ], [ 70.8101, 19.2832 ], [ 70.8101, 19.2833 ], [ 70.81, 19.2833 ], [ 70.81, 19.2834 ], [ 70.8099, 19.2834 ], [ 70.8099, 19.2835 ], [ 70.8098, 19.2835 ], [ 70.8098, 19.2837 ], [ 70.8097, 19.2837 ], [ 70.8097, 19.2839 ], [ 70.8098, 19.2839 ], [ 70.8098, 19.2841 ], [ 70.8099, 19.2841 ], [ 70.8099, 19.2842 ], [ 70.81, 19.2842 ], [ 70.81, 19.2843 ], [ 70.8101, 19.2843 ], [ 70.8101, 19.2844 ], [ 70.8102, 19.2844 ], [ 70.8102, 19.2845 ], [ 70.8103, 19.2845 ], [ 70.8103, 19.2846 ], [ 70.8104, 19.2846 ], [ 70.8104, 19.2847 ], [ 70.8105, 19.2847 ], [ 70.8105, 19.2849 ], [ 70.8106, 19.2849 ], [ 70.8106, 19.2851 ], [ 70.8107, 19.2851 ], [ 70.8107, 19.2852 ], [ 70.8108, 19.2852 ], [ 70.8108, 19.2854 ], [ 70.8109, 19.2854 ], [ 70.8109, 19.2855 ] ] ] } },
{ "type": "Feature", "properties": { "slick_id": 32, "centroid": [ 70.981423, 19.264348 ], "bounding_box": [ 70.9801, 19.2624, 70.9827, 19.266 ], "area_km2": 0.0685, "perimeter_m": 1714.33, "orientation": 78.11, "compactness": 0.293, "confidence": 0.3078 }, "geometry": { "type": "Polygon", "coordinates": [ [ [ 70.981, 19.266 ], [ 70.9815, 19.266 ], [ 70.9815, 19.2659 ], [ 70.9818, 19.2659 ], [ 70.9818, 19.2658 ], [ 70.9822, 19.2658 ], [ 70.9822, 19.2657 ], [ 70.9823, 19.2657 ], [ 70.9823, 19.2656 ], [ 70.9824, 19.2656 ], [ 70.9824, 19.2655 ], [ 70.9825, 19.2655 ], [ 70.9825, 19.2654 ], [ 70.9826, 19.2654 ], [ 70.9826, 19.2652 ], [ 70.9827, 19.2652 ], [ 70.9827, 19.2647 ], [ 70.9826, 19.2647 ], [ 70.9826, 19.2646 ], [ 70.9825, 19.2646 ], [ 70.9825, 19.2645 ], [ 70.9823, 19.2645 ], [ 70.9823, 19.2644 ], [ 70.9822, 19.2644 ], [ 70.9822, 19.2643 ], [ 70.982, 19.2643 ], [ 70.982, 19.264 ], [ 70.9819, 19.264 ], [ 70.9819, 19.2636 ], [ 70.982, 19.2636 ], [ 70.982, 19.2634 ], [ 70.9821, 19.2634 ], [ 70.9821, 19.2633 ], [ 70.9822, 19.2633 ], [ 70.9822, 19.2632 ], [ 70.9823, 19.2632 ], [ 70.9823, 19.2628 ], [ 70.9822, 19.2628 ], [ 70.9822, 19.2626 ], [ 70.9821, 19.2626 ], [ 70.9821, 19.2625 ], [ 70.9819, 19.2625 ], [ 70.9819, 19.2624 ], [ 70.9817, 19.2624 ], [ 70.9817, 19.2625 ], [ 70.9816, 19.2625 ], [ 70.9816, 19.2626 ], [ 70.9815, 19.2626 ], [ 70.9815, 19.2627 ], [ 70.9814, 19.2627 ], [ 70.9814, 19.2629 ], [ 70.9813, 19.2629 ], [ 70.9813, 19.263 ], [ 70.9811, 19.263 ], [ 70.9811, 19.2631 ], [ 70.9809, 19.2631 ], [ 70.9809, 19.2632 ], [ 70.9804, 19.2632 ], [ 70.9804, 19.2633 ], [ 70.9803, 19.2633 ], [ 70.9803, 19.2634 ], [ 70.9802, 19.2634 ], [ 70.9802, 19.2636 ], [ 70.9803, 19.2636 ], [ 70.9803, 19.264 ], [ 70.9804, 19.264 ], [ 70.9804, 19.2646 ], [ 70.9803, 19.2646 ], [ 70.9803, 19.2647 ], [ 70.9802, 19.2647 ], [ 70.9802, 19.2649 ], [ 70.9801, 19.2649 ], [ 70.9801, 19.2651 ], [ 70.9802, 19.2651 ], [ 70.9802, 19.2652 ], [ 70.9803, 19.2652 ], [ 70.9803, 19.2653 ], [ 70.9804, 19.2653 ], [ 70.9804, 19.2652 ], [ 70.9805, 19.2652 ], [ 70.9805, 19.265 ], [ 70.9806, 19.265 ], [ 70.9806, 19.2649 ], [ 70.9808, 19.2649 ], [ 70.9808, 19.2648 ], [ 70.9809, 19.2648 ], [ 70.9809, 19.2649 ], [ 70.9811, 19.2649 ], [ 70.9811, 19.2652 ], [ 70.981, 19.2652 ], [ 70.981, 19.2653 ], [ 70.9808, 19.2653 ], [ 70.9808, 19.2654 ], [ 70.9807, 19.2654 ], [ 70.9807, 19.2655 ], [ 70.9808, 19.2655 ], [ 70.9808, 19.2658 ], [ 70.9809, 19.2658 ], [ 70.9809, 19.2659 ], [ 70.981, 19.2659 ], [ 70.981, 19.266 ] ] ] } },
{ "type": "Feature", "properties": { "slick_id": 33, "centroid": [ 70.826171, 19.219653 ], "bounding_box": [ 70.8237, 19.2169, 70.8288, 19.222 ], "area_km2": 0.2009, "perimeter_m": 2961.11, "orientation": 84.64, "compactness": 0.2879, "confidence": 0.3547 }, "geometry": { "type": "Polygon", "coordinates": [ [ [ 70.8254, 19.222 ], [ 70.8258, 19.222 ], [ 70.8258, 19.2219 ], [ 70.8259, 19.2219 ], [ 70.8259, 19.2218 ], [ 70.826, 19.2218 ], [ 70.826, 19.2217 ], [ 70.8261, 19.2217 ], [ 70.8261, 19.2216 ], [ 70.8263, 19.2216 ], [ 70.8263, 19.2215 ], [ 70.8265, 19.2215 ], [ 70.8265, 19.2214 ], [ 70.8267, 19.2214 ], [ 70.8267, 19.2215 ], [ 70.827, 19.2215 ], [ 70.827, 19.2216 ], [ 70.8273, 19.2216 ], [ 70.8273, 19.2217 ], [ 70.8275, 19.2217 ], [ 70.8275, 19.2216 ], [ 70.8277, 19.2216 ], [ 70.8277, 19.2215 ], [ 70.8279, 19.2215 ], [ 70.8279, 19.2214 ], [ 70.828, 19.2214 ], [ 70.828, 19.2213 ], [ 70.8281, 19.2213 ], [ 70.8281, 19.2212 ], [ 70.8282, 19.2212 ], [ 70.8282, 19.221 ], [ 70.8283, 19.221 ], [ 70.8283, 19.2208 ], [ 70.8284, 19.2208 ], [ 70.8284, 19.2207 ], [ 70.8286, 19.2207 ], [ 70.8286, 19.2206 ], [ 70.8287, 19.2206 ], [ 70.8287, 19.2204 ], [ 70.8288, 19.2204 ], [ 70.8288, 19.2199 ], [ 70.8287, 19.2199 ], [ 70.8287, 19.2194 ], [ 70.8286, 19.2194 ], [ 70.8286, 19.2191 ], [ 70.8285, 19.2191 ], [ 70.8285, 19.2189 ], [ 70.8284, 19.2189 ], [ 70.8284, 19.2188 ], [ 70.8283, 19.2188 ], [ 70.8283, 19.2187 ], [ 70.8282, 19.2187 ], [ 70.8282, 19.2186 ], [ 70.8281, 19.2186 ], [ 70.8281, 19.2185 ], [ 70.828, 19.2185 ], [ 70.828, 19.2184 ], [ 70.8279, 19.2184 ], [ 70.8279, 19.2183 ], [ 70.8275, 19.2183 ], [ 70.8275, 19.2182 ], [ 70.8273, 19.2182 ], [ 70.8273, 19.2181 ], [ 70.8271, 19.2181 ], [ 70.8271, 19.2178 ], [ 70.827, 19.2178 ], [ 70.827, 19.2176 ], [ 70.8269, 19.2176 ], [ 70.8269, 19.2174 ], [ 70.8268, 19.2174 ], [ 70.8268, 19.2173 ], [ 70.8265, 19.2173 ], [ 70.8265, 19.2174 ], [ 70.8264, 19.2174 ], [ 70.8264, 19.2176 ], [ 70.8265, 19.2176 ], [ 70.8265, 19.2182 ], [ 70.8264, 19.2182 ], [ 70.8264, 19.2183 ], [ 70.8262, 19.2183 ], [ 70.8262, 19.2184 ], [ 70.8261, 19.2184 ], [ 70.8261, 19.2185 ], [ 70.826, 19.2185 ], [ 70.826, 19.2186 ], [ 70.8258, 19.2186 ], [ 70.8258, 19.2187 ], [ 70.8255, 19.2187 ], [ 70.8255, 19.2186 ], [ 70.8253, 19.2186 ], [ 70.8253, 19.2181 ], [ 70.8254, 19.2181 ], [ 70.8254, 19.218 ], [ 70.8255, 19.218 ], [ 70.8255, 19.2179 ], [ 70.8256, 19.2179 ], [ 70.8256, 19.2174 ], [ 70.8255, 19.2174 ], [ 70.8255, 19.2173 ], [ 70.8249, 19.2173 ], [ 70.8249, 19.2172 ], [ 70.8247, 19.2172 ], [ 70.8247, 19.2171 ], [ 70.8246, 19.2171 ], [ 70.8246, 19.217 ], [ 70.8243, 19.217 ], [ 70.8243, 19.2169 ], [ 70.824, 19.2169 ], [ 70.824, 19.217 ], [ 70.8238, 19.217 ], [ 70.8238, 19.2171 ], [ 70.8237, 19.2171 ], [ 70.8237, 19.2175 ], [ 70.8238, 19.2175 ], [ 70.8238, 19.2176 ], [ 70.8239, 19.2176 ], [ 70.8239, 19.2177 ], [ 70.824, 19.2177 ], [ 70.824, 19.2178 ], [ 70.8241, 19.2178 ], [ 70.8241, 19.2184 ], [ 70.8242, 19.2184 ], [ 70.8242, 19.2189 ], [ 70.8241, 19.2189 ], [ 70.8241, 19.2191 ], [ 70.8242, 19.2191 ], [ 70.8242, 19.2194 ], [ 70.8243, 19.2194 ], [ 70.8243, 19.2195 ], [ 70.8244, 19.2195 ], [ 70.8244, 19.2196 ], [ 70.8245, 19.2196 ], [ 70.8245, 19.2197 ], [ 70.8246, 19.2197 ], [ 70.8246, 19.2201 ], [ 70.8245, 19.2201 ], [ 70.8245, 19.2202 ], [ 70.8243, 19.2202 ], [ 70.8243, 19.2203 ], [ 70.8242, 19.2203 ], [ 70.8242, 19.2204 ], [ 70.8241, 19.2204 ], [ 70.8241, 19.2205 ], [ 70.824, 19.2205 ], [ 70.824, 19.2207 ], [ 70.8241, 19.2207 ], [ 70.8241, 19.2208 ], [ 70.8242, 19.2208 ], [ 70.8242, 19.2209 ], [ 70.8244, 19.2209 ], [ 70.8244, 19.2212 ], [ 70.8243, 19.2212 ], [ 70.8243, 19.2213 ], [ 70.8242, 19.2213 ], [ 70.8242, 19.2214 ], [ 70.8243, 19.2214 ], [ 70.8243, 19.2215 ], [ 70.8245, 19.2215 ], [ 70.8245, 19.2217 ], [ 70.8246, 19.2217 ], [ 70.8246, 19.2218 ], [ 70.8248, 19.2218 ], [ 70.8248, 19.2217 ], [ 70.825, 19.2217 ], [ 70.825, 19.2218 ], [ 70.8252, 19.2218 ], [ 70.8252, 19.2219 ], [ 70.8254, 19.2219 ], [ 70.8254, 19.222 ] ] ] } },
{ "type": "Feature", "properties": { "slick_id": 34, "centroid": [ 70.502605, 19.276608 ], "bounding_box": [ 70.5015, 19.2003, 70.5033, 19.3441 ], "area_km2": 1.7511, "perimeter_m": 33529.58, "orientation": 90.04, "compactness": 0.0196, "confidence": 0.5755 }, "geometry": { "type": "Polygon", "coordinates": [ [ [ 70.5029, 19.3441 ], [ 70.503, 19.3441 ], [ 70.503, 19.344 ], [ 70.5031, 19.344 ], [ 70.5031, 19.343 ], [ 70.5032, 19.343 ], [ 70.5032, 19.3382 ], [ 70.5031, 19.3382 ], [ 70.5031, 19.3212 ], [ 70.503, 19.3212 ], [ 70.503, 19.3208 ], [ 70.5031, 19.3208 ], [ 70.5031, 19.3135 ], [ 70.503, 19.3135 ], [ 70.503, 19.312 ], [ 70.5031, 19.312 ], [ 70.5031, 19.2882 ], [ 70.5032, 19.2882 ], [ 70.5032, 19.2818 ], [ 70.5031, 19.2818 ], [ 70.5031, 19.2748 ], [ 70.5032, 19.2748 ], [ 70.5032, 19.2745 ], [ 70.5031, 19.2745 ], [ 70.5031, 19.273 ], [ 70.5032, 19.273 ], [ 70.5032, 19.2711 ], [ 70.5031, 19.2711 ], [ 70.5031, 19.2705 ], [ 70.5032, 19.2705 ], [ 70.5032, 19.2696 ], [ 70.5031, 19.2696 ], [ 70.5031, 19.2643 ], [ 70.5032, 19.2643 ], [ 70.5032, 19.264 ], [ 70.5031, 19.264 ], [ 70.5031, 19.2443 ], [ 70.503, 19.2443 ], [ 70.503, 19.244 ], [ 70.5031, 19.244 ], [ 70.5031, 19.2347 ], [ 70.5032, 19.2347 ], [ 70.5032, 19.2299 ], [ 70.5031, 19.2299 ], [ 70.5031, 19.2295 ], [ 70.5032, 19.2295 ], [ 70.5032, 19.2271 ], [ 70.5031, 19.2271 ], [ 70.5031, 19.2245 ], [ 70.5032, 19.2245 ], [ 70.5032, 19.2143 ], [ 70.5033, 19.2143 ], [ 70.5033, 19.2127 ], [ 70.5032, 19.2127 ], [ 70.5032, 19.2112 ], [ 70.5033, 19.2112 ], [ 70.5033, 19.2108 ], [ 70.5032, 19.2108 ], [ 70.5032, 19.2035 ], [ 70.5031, 19.2035 ], [ 70.5031, 19.2004 ], [ 70.503, 19.2004 ], [ 70.503, 19.2003 ], [ 70.5029, 19.2003 ], [ 70.5029, 19.2004 ], [ 70.5028, 19.2004 ], [ 70.5028, 19.2025 ], [ 70.5027, 19.2025 ], [ 70.5027, 19.204 ], [ 70.5026, 19.204 ], [ 70.5026, 19.2049 ], [ 70.5025, 19.2049 ], [ 70.5025, 19.2058 ], [ 70.5024, 19.2058 ], [ 70.5024, 19.2068 ], [ 70.5023, 19.2068 ], [ 70.5023, 19.2113 ], [ 70.5022, 19.2113 ], [ 70.5022, 19.212 ], [ 70.5021, 19.212 ], [ 70.5021, 19.2126 ], [ 70.502, 19.2126 ], [ 70.502, 19.2133 ], [ 70.5019, 19.2133 ], [ 70.5019, 19.2141 ], [ 70.5018, 19.2141 ], [ 70.5018, 19.2149 ], [ 70.5019, 19.2149 ], [ 70.5019, 19.2168 ], [ 70.502, 19.2168 ], [ 70.502, 19.2174 ], [ 70.5021, 19.2174 ], [ 70.5021, 19.2178 ], [ 70.5022, 19.2178 ], [ 70.5022, 19.2185 ], [ 70.5023, 19.2185 ], [ 70.5023, 19.2199 ], [ 70.5024, 19.2199 ], [ 70.5024, 19.2214 ], [ 70.5023, 19.2214 ], [ 70.5023, 19.228 ], [ 70.5022, 19.228 ], [ 70.5022, 19.2303 ], [ 70.5021, 19.2303 ], [ 70.5021, 19.2315 ], [ 70.502, 19.2315 ], [ 70.502, 19.2335 ], [ 70.5021, 19.2335 ], [ 70.5021, 19.2342 ], [ 70.5022, 19.2342 ], [ 70.5022, 19.2349 ], [ 70.5023, 19.2349 ], [ 70.5023, 19.2357 ], [ 70.5024, 19.2357 ], [ 70.5024, 19.2384 ], [ 70.5025, 19.2384 ], [ 70.5025, 19.2393 ], [ 70.5024, 19.2393 ], [ 70.5024, 19.2406 ], [ 70.5023, 19.2406 ], [ 70.5023, 19.2417 ], [ 70.5022, 19.2417 ], [ 70.5022, 19.2439 ], [ 70.5023, 19.2439 ], [ 70.5023, 19.244 ], [ 70.5025, 19.244 ], [ 70.5025, 19.2441 ], [ 70.5026, 19.2441 ], [ 70.5026, 19.2465 ], [ 70.5025, 19.2465 ], [ 70.5025, 19.2477 ], [ 70.5024, 19.2477 ], [ 70.5024, 19.2504 ], [ 70.5025, 19.2504 ], [ 70.5025, 19.2549 ], [ 70.5024, 19.2549 ], [ 70.5024, 19.2552 ], [ 70.5025, 19.2552 ], [ 70.5025, 19.2555 ], [ 70.5024, 19.2555 ], [ 70.5024, 19.26 ], [ 70.5023, 19.26 ], [ 70.5023, 19.2637 ], [ 70.5022, 19.2637 ], [ 70.5022, 19.2695 ], [ 70.502, 19.2695 ], [ 70.502, 19.2696 ], [ 70.5018, 19.2696 ], [ 70.5018, 19.2697 ], [ 70.5017, 19.2697 ], [ 70.5017, 19.2727 ], [ 70.5018, 19.2727 ], [ 70.5018, 19.2748 ], [ 70.5019, 19.2748 ], [ 70.5019, 19.2762 ], [ 70.502, 19.2762 ], [ 70.502, 19.2775 ], [ 70.5021, 19.2775 ], [ 70.5021, 19.2788 ], [ 70.5022, 19.2788 ], [ 70.5022, 19.2819 ], [ 70.5021, 19.2819 ], [ 70.5021, 19.283 ], [ 70.502, 19.283 ], [ 70.502, 19.2857 ], [ 70.5021, 19.2857 ], [ 70.5021, 19.2884 ], [ 70.502, 19.2884 ], [ 70.502, 19.2905 ], [ 70.5019, 19.2905 ], [ 70.5019, 19.2949 ], [ 70.5018, 19.2949 ], [ 70.5018, 19.2962 ], [ 70.5017, 19.2962 ], [ 70.5017, 19.2973 ], [ 70.5016, 19.2973 ], [ 70.5016, 19.2989 ], [ 70.5015, 19.2989 ], [ 70.5015, 19.3003 ], [ 70.5016, 19.3003 ], [ 70.5016, 19.3009 ], [ 70.5017, 19.3009 ], [ 70.5017, 19.3014 ], [ 70.5018, 19.3014 ], [ 70.5018, 19.302 ], [ 70.5019, 19.302 ], [ 70.5019, 19.3027 ], [ 70.502, 19.3027 ], [ 70.502, 19.3038 ], [ 70.5021, 19.3038 ], [ 70.5021, 19.3051 ], [ 70.5022, 19.3051 ], [ 70.5022, 19.3075 ], [ 70.5021, 19.3075 ], [ 70.5021, 19.3081 ], [ 70.502, 19.3081 ], [ 70.502, 19.3086 ], [ 70.5019, 19.3086 ], [ 70.5019, 19.3093 ], [ 70.5018, 19.3093 ], [ 70.5018, 19.3104 ], [ 70.5019, 19.3104 ], [ 70.5019, 19.3113 ], [ 70.502, 19.3113 ], [ 70.502, 19.312 ], [ 70.5021, 19.312 ], [ 70.5021, 19.3129 ], [ 70.5022, 19.3129 ], [ 70.5022, 19.3138 ], [ 70.5021, 19.3138 ], [ 70.5021, 19.3167 ], [ 70.502, 19.3167 ], [ 70.502, 19.3179 ], [ 70.5019, 19.3179 ], [ 70.5019, 19.3197 ], [ 70.5018, 19.3197 ], [ 70.5018, 19.3207 ], [ 70.5019, 19.3207 ], [ 70.5019, 19.3208 ], [ 70.5021, 19.3208 ], [ 70.5021, 19.3209 ], [ 70.5023, 19.3209 ], [ 70.5023, 19.3212 ], [ 70.5022, 19.3212 ], [ 70.5022, 19.3213 ], [ 70.5021, 19.3213 ], [ 70.5021, 19.3216 ], [ 70.5022, 19.3216 ], [ 70.5022, 19.3229 ], [ 70.5021, 19.3229 ], [ 70.5021, 19.3237 ], [ 70.502, 19.3237 ], [ 70.502, 19.3245 ], [ 70.5019, 19.3245 ], [ 70.5019, 19.3254 ], [ 70.5018, 19.3254 ], [ 70.5018, 19.3264 ], [ 70.5019, 19.3264 ], [ 70.5019, 19.3298 ], [ 70.502, 19.3298 ], [ 70.502, 19.3343 ], [ 70.5019, 19.3343 ], [ 70.5019, 19.3355 ], [ 70.502, 19.3355 ], [ 70.502, 19.3387 ], [ 70.5021, 19.3387 ], [ 70.5021, 19.3398 ], [ 70.5022, 19.3398 ], [ 70.5022, 19.3409 ], [ 70.5023, 19.3409 ], [ 70.5023, 19.3417 ], [ 70.5024, 19.3417 ], [ 70.5024, 19.3422 ], [ 70.5025, 19.3422 ], [ 70.5025, 19.3425 ], [ 70.5026, 19.3425 ], [ 70.5026, 19.343 ], [ 70.5027, 19.343 ], [ 70.5027, 19.3435 ], [ 70.5028, 19.3435 ], [ 70.5028, 19.344 ], [ 70.5029, 19.344 ], [ 70.5029, 19.3441 ] ] ] } },
{ "type": "Feature", "properties": { "slick_id": 35, "centroid": [ 70.502785, 19.188298 ], "bounding_box": [ 70.5025, 19.1869, 70.5031, 19.1897 ], "area_km2": 0.0157, "perimeter_m": 756.98, "orientation": 90.0, "compactness": 0.3451, "confidence": 0.3622 }, "geometry": { "type": "Polygon", "coordinates": [ [ [ 70.5028, 19.1897 ], [ 70.5029, 19.1897 ], [ 70.5029, 19.1896 ], [ 70.503, 19.1896 ], [ 70.503, 19.1889 ], [ 70.5031, 19.1889 ], [ 70.5031, 19.1882 ], [ 70.503, 19.1882 ], [ 70.503, 19.187 ], [ 70.5029, 19.187 ], [ 70.5029, 19.1869 ], [ 70.5028, 19.1869 ], [ 70.5028, 19.187 ], [ 70.5027, 19.187 ], [ 70.5027, 19.1871 ], [ 70.5026, 19.1871 ], [ 70.5026, 19.1874 ], [ 70.5025, 19.1874 ], [ 70.5025, 19.1891 ], [ 70.5026, 19.1891 ], [ 70.5026, 19.1894 ], [ 70.5027, 19.1894 ], [ 70.5027, 19.1896 ], [ 70.5028, 19.1896 ], [ 70.5028, 19.1897 ] ] ] } },
{ "type": "Feature", "properties": { "slick_id": 36, "centroid": [ 70.595929, 19.129071 ], "bounding_box": [ 70.5935, 19.1238, 70.5987, 19.1342 ], "area_km2": 0.4224, "perimeter_m": 3584.5, "orientation": 70.35, "compactness": 0.4132, "confidence": 0.5857 }, "geometry": { "type": "Polygon", "coordinates": [ [ [ 70.5972, 19.1342 ], [ 70.5975, 19.1342 ], [ 70.5975, 19.1341 ], [ 70.5976, 19.1341 ], [ 70.5976, 19.134 ], [ 70.5977, 19.134 ], [ 70.5977, 19.1339 ], [ 70.5978, 19.1339 ], [ 70.5978, 19.1338 ], [ 70.5979, 19.1338 ], [ 70.5979, 19.1337 ], [ 70.598, 19.1337 ], [ 70.598, 19.1336 ], [ 70.5981, 19.1336 ], [ 70.5981, 19.1334 ], [ 70.5982, 19.1334 ], [ 70.5982, 19.1333 ], [ 70.5983, 19.1333 ], [ 70.5983, 19.1331 ], [ 70.5984, 19.1331 ], [ 70.5984, 19.1326 ], [ 70.5985, 19.1326 ], [ 70.5985, 19.132 ], [ 70.5984, 19.132 ], [ 70.5984, 19.1317 ], [ 70.5985, 19.1317 ], [ 70.5985, 19.1312 ], [ 70.5986, 19.1312 ], [ 70.5986, 19.1308 ], [ 70.5987, 19.1308 ], [ 70.5987, 19.1302 ], [ 70.5986, 19.1302 ], [ 70.5986, 19.1301 ], [ 70.5985, 19.1301 ], [ 70.5985, 19.13 ], [ 70.5984, 19.13 ], [ 70.5984, 19.1299 ], [ 70.5983, 19.1299 ], [ 70.5983, 19.1297 ], [ 70.5982, 19.1297 ], [ 70.5982, 19.1296 ], [ 70.5981, 19.1296 ], [ 70.5981, 19.1294 ], [ 70.598, 19.1294 ], [ 70.598, 19.1288 ], [ 70.5979, 19.1288 ], [ 70.5979, 19.1286 ], [ 70.5978, 19.1286 ], [ 70.5978, 19.1285 ], [ 70.5977, 19.1285 ], [ 70.5977, 19.1284 ], [ 70.5976, 19.1284 ], [ 70.5976, 19.1283 ], [ 70.5975, 19.1283 ], [ 70.5975, 19.1282 ], [ 70.5974, 19.1282 ], [ 70.5974, 19.1281 ], [ 70.5972, 19.1281 ], [ 70.5972, 19.128 ], [ 70.5971, 19.128 ], [ 70.5971, 19.1278 ], [ 70.597, 19.1278 ], [ 70.597, 19.1275 ], [ 70.5969, 19.1275 ], [ 70.5969, 19.1267 ], [ 70.5968, 19.1267 ], [ 70.5968, 19.1263 ], [ 70.5969, 19.1263 ], [ 70.5969, 19.1262 ], [ 70.5968, 19.1262 ], [ 70.5968, 19.1261 ], [ 70.5967, 19.1261 ], [ 70.5967, 19.126 ], [ 70.5966, 19.126 ], [ 70.5966, 19.1248 ], [ 70.5967, 19.1248 ], [ 70.5967, 19.1246 ], [ 70.5966, 19.1246 ], [ 70.5966, 19.1244 ], [ 70.5965, 19.1244 ], [ 70.5965, 19.1243 ], [ 70.5964, 19.1243 ], [ 70.5964, 19.1242 ], [ 70.5963, 19.1242 ], [ 70.5963, 19.1241 ], [ 70.5961, 19.1241 ], [ 70.5961, 19.124 ], [ 70.596, 19.124 ], [ 70.596, 19.1239 ], [ 70.5958, 19.1239 ], [ 70.5958, 19.1238 ], [ 70.5957, 19.1238 ], [ 70.5957, 19.1239 ], [ 70.5954, 19.1239 ], [ 70.5954, 19.124 ], [ 70.5952, 19.124 ], [ 70.5952, 19.1241 ], [ 70.595, 19.1241 ], [ 70.595, 19.1242 ], [ 70.5942, 19.1242 ], [ 70.5942, 19.1243 ], [ 70.5941, 19.1243 ], [ 70.5941, 19.1244 ], [ 70.594, 19.1244 ], [ 70.594, 19.1246 ], [ 70.5939, 19.1246 ], [ 70.5939, 19.1247 ], [ 70.5938, 19.1247 ], [ 70.5938, 19.1249 ], [ 70.5937, 19.1249 ], [ 70.5937, 19.1254 ], [ 70.5936, 19.1254 ], [ 70.5936, 19.1257 ], [ 70.5937, 19.1257 ], [ 70.5937, 19.1268 ], [ 70.5936, 19.1268 ], [ 70.5936, 19.1273 ], [ 70.5935, 19.1273 ], [ 70.5935, 19.1279 ], [ 70.5936, 19.1279 ], [ 70.5936, 19.1289 ], [ 70.5937, 19.1289 ], [ 70.5937, 19.1293 ], [ 70.5938, 19.1293 ], [ 70.5938, 19.1296 ], [ 70.5939, 19.1296 ], [ 70.5939, 19.1301 ], [ 70.5938, 19.1301 ], [ 70.5938, 19.1302 ], [ 70.5939, 19.1302 ], [ 70.5939, 19.1305 ], [ 70.594, 19.1305 ], [ 70.594, 19.1309 ], [ 70.5941, 19.1309 ], [ 70.5941, 19.1313 ], [ 70.5942, 19.1313 ], [ 70.5942, 19.1314 ], [ 70.5943, 19.1314 ], [ 70.5943, 19.1315 ], [ 70.5944, 19.1315 ], [ 70.5944, 19.1316 ], [ 70.5945, 19.1316 ], [ 70.5945, 19.1317 ], [ 70.5946, 19.1317 ], [ 70.5946, 19.1318 ], [ 70.5948, 19.1318 ], [ 70.5948, 19.1319 ], [ 70.5949, 19.1319 ], [ 70.5949, 19.132 ], [ 70.595, 19.132 ], [ 70.595, 19.1321 ], [ 70.5951, 19.1321 ], [ 70.5951, 19.1323 ], [ 70.5952, 19.1323 ], [ 70.5952, 19.1324 ], [ 70.5953, 19.1324 ], [ 70.5953, 19.1325 ], [ 70.5954, 19.1325 ], [ 70.5954, 19.1326 ], [ 70.5955, 19.1326 ], [ 70.5955, 19.1328 ], [ 70.5956, 19.1328 ], [ 70.5956, 19.1329 ], [ 70.5957, 19.1329 ], [ 70.5957, 19.133 ], [ 70.5958, 19.133 ], [ 70.5958, 19.1331 ], [ 70.5959, 19.1331 ], [ 70.5959, 19.1333 ], [ 70.596, 19.1333 ], [ 70.596, 19.1334 ], [ 70.5962, 19.1334 ], [ 70.5962, 19.1335 ], [ 70.5964, 19.1335 ], [ 70.5964, 19.1336 ], [ 70.5966, 19.1336 ], [ 70.5966, 19.1337 ], [ 70.5967, 19.1337 ], [ 70.5967, 19.1338 ], [ 70.5969, 19.1338 ], [ 70.5969, 19.134 ], [ 70.597, 19.134 ], [ 70.597, 19.1341 ], [ 70.5972, 19.1341 ], [ 70.5972, 19.1342 ] ] ] } },
{ "type": "Feature", "properties": { "slick_id": 37, "centroid": [ 70.679737, 19.11678 ], "bounding_box": [ 70.6792, 19.116, 70.6804, 19.1175 ], "area_km2": 0.0191, "perimeter_m": 601.13, "orientation": 90.0, "compactness": 0.6637, "confidence": 0.3966 }, "geometry": { "type": "Polygon", "coordinates": [ [ [ 70.6793, 19.1175 ], [ 70.6801, 19.1175 ], [ 70.6801, 19.1174 ], [ 70.6802, 19.1174 ], [ 70.6802, 19.1173 ], [ 70.6803, 19.1173 ], [ 70.6803, 19.1171 ], [ 70.6804, 19.1171 ], [ 70.6804, 19.1167 ], [ 70.6803, 19.1167 ], [ 70.6803, 19.1164 ], [ 70.6802, 19.1164 ], [ 70.6802, 19.1163 ], [ 70.6801, 19.1163 ], [ 70.6801, 19.1162 ], [ 70.68, 19.1162 ], [ 70.68, 19.1161 ], [ 70.6799, 19.1161 ], [ 70.6799, 19.116 ], [ 70.6793, 19.116 ], [ 70.6793, 19.1161 ], [ 70.6792, 19.1161 ], [ 70.6792, 19.1174 ], [ 70.6793, 19.1174 ], [ 70.6793, 19.1175 ] ] ] } },
{ "type": "Feature", "properties": { "slick_id": 39, "centroid": [ 70.595556, 19.104977 ], "bounding_box": [ 70.5931, 19.1003, 70.598, 19.109 ], "area_km2": 0.3861, "perimeter_m": 3339.6, "orientation": 87.27, "compactness": 0.4351, "confidence": 0.5777 }, "geometry": { "type": "Polygon", "coordinates": [ [ [ 70.5953, 19.109 ], [ 70.5955, 19.109 ], [ 70.5955, 19.1089 ], [ 70.5956, 19.1089 ], [ 70.5956, 19.1088 ], [ 70.5958, 19.1088 ], [ 70.5958, 19.1087 ], [ 70.5959, 19.1087 ], [ 70.5959, 19.1086 ], [ 70.5961, 19.1086 ], [ 70.5961, 19.1085 ], [ 70.5962, 19.1085 ], [ 70.5962, 19.1086 ], [ 70.5964, 19.1086 ], [ 70.5964, 19.1087 ], [ 70.5965, 19.1087 ], [ 70.5965, 19.1088 ], [ 70.5967, 19.1088 ], [ 70.5967, 19.1089 ], [ 70.5969, 19.1089 ], [ 70.5969, 19.109 ], [ 70.5977, 19.109 ], [ 70.5977, 19.1089 ], [ 70.5978, 19.1089 ], [ 70.5978, 19.1088 ], [ 70.5979, 19.1088 ], [ 70.5979, 19.1086 ], [ 70.598, 19.1086 ], [ 70.598, 19.1074 ], [ 70.5979, 19.1074 ], [ 70.5979, 19.1072 ], [ 70.5978, 19.1072 ], [ 70.5978, 19.107 ], [ 70.5977, 19.107 ], [ 70.5977, 19.1062 ], [ 70.5978, 19.1062 ], [ 70.5978, 19.1057 ], [ 70.5977, 19.1057 ], [ 70.5977, 19.1055 ], [ 70.5976, 19.1055 ], [ 70.5976, 19.1043 ], [ 70.5977, 19.1043 ], [ 70.5977, 19.1039 ], [ 70.5978, 19.1039 ], [ 70.5978, 19.1032 ], [ 70.5977, 19.1032 ], [ 70.5977, 19.103 ], [ 70.5976, 19.103 ], [ 70.5976, 19.1029 ], [ 70.5975, 19.1029 ], [ 70.5975, 19.1028 ], [ 70.5974, 19.1028 ], [ 70.5974, 19.1027 ], [ 70.5972, 19.1027 ], [ 70.5972, 19.1026 ], [ 70.597, 19.1026 ], [ 70.597, 19.1025 ], [ 70.5968, 19.1025 ], [ 70.5968, 19.1024 ], [ 70.5967, 19.1024 ], [ 70.5967, 19.1021 ], [ 70.5966, 19.1021 ], [ 70.5966, 19.102 ], [ 70.5964, 19.102 ], [ 70.5964, 19.1019 ], [ 70.5962, 19.1019 ], [ 70.5962, 19.1016 ], [ 70.5963, 19.1016 ], [ 70.5963, 19.1015 ], [ 70.5964, 19.1015 ], [ 70.5964, 19.101 ], [ 70.5963, 19.101 ], [ 70.5963, 19.1008 ], [ 70.5962, 19.1008 ], [ 70.5962, 19.1007 ], [ 70.596, 19.1007 ], [ 70.596, 19.1008 ], [ 70.5954, 19.1008 ], [ 70.5954, 19.1007 ], [ 70.5952, 19.1007 ], [ 70.5952, 19.1004 ], [ 70.5951, 19.1004 ], [ 70.5951, 19.1003 ], [ 70.595, 19.1003 ], [ 70.595, 19.1004 ], [ 70.5948, 19.1004 ], [ 70.5948, 19.1005 ], [ 70.5947, 19.1005 ], [ 70.5947, 19.101 ], [ 70.5946, 19.101 ], [ 70.5946, 19.1011 ], [ 70.5944, 19.1011 ], [ 70.5944, 19.1012 ], [ 70.5941, 19.1012 ], [ 70.5941, 19.1013 ], [ 70.5939, 19.1013 ], [ 70.5939, 19.1014 ], [ 70.5938, 19.1014 ], [ 70.5938, 19.1015 ], [ 70.5937, 19.1015 ], [ 70.5937, 19.1016 ], [ 70.5936, 19.1016 ], [ 70.5936, 19.1018 ], [ 70.5935, 19.1018 ], [ 70.5935, 19.1021 ], [ 70.5934, 19.1021 ], [ 70.5934, 19.1027 ], [ 70.5933, 19.1027 ], [ 70.5933, 19.1031 ], [ 70.5932, 19.1031 ], [ 70.5932, 19.1036 ], [ 70.5931, 19.1036 ], [ 70.5931, 19.104 ], [ 70.5932, 19.104 ], [ 70.5932, 19.1041 ], [ 70.5933, 19.1041 ], [ 70.5933, 19.1045 ], [ 70.5932, 19.1045 ], [ 70.5932, 19.1047 ], [ 70.5931, 19.1047 ], [ 70.5931, 19.1054 ], [ 70.5932, 19.1054 ], [ 70.5932, 19.1056 ], [ 70.5933, 19.1056 ], [ 70.5933, 19.1057 ], [ 70.5934, 19.1057 ], [ 70.5934, 19.106 ], [ 70.5935, 19.106 ], [ 70.5935, 19.1062 ], [ 70.5936, 19.1062 ], [ 70.5936, 19.1067 ], [ 70.5937, 19.1067 ], [ 70.5937, 19.1069 ], [ 70.5938, 19.1069 ], [ 70.5938, 19.1072 ], [ 70.5939, 19.1072 ], [ 70.5939, 19.1076 ], [ 70.5938, 19.1076 ], [ 70.5938, 19.1079 ], [ 70.5939, 19.1079 ], [ 70.5939, 19.108 ], [ 70.594, 19.108 ], [ 70.594, 19.1081 ], [ 70.5941, 19.1081 ], [ 70.5941, 19.1082 ], [ 70.5945, 19.1082 ], [ 70.5945, 19.1083 ], [ 70.5947, 19.1083 ], [ 70.5947, 19.1085 ], [ 70.5948, 19.1085 ], [ 70.5948, 19.1086 ], [ 70.5949, 19.1086 ], [ 70.5949, 19.1087 ], [ 70.595, 19.1087 ], [ 70.595, 19.1088 ], [ 70.5951, 19.1088 ], [ 70.5951, 19.1089 ], [ 70.5953, 19.1089 ], [ 70.5953, 19.109 ] ] ] } },
{ "type": "Feature", "properties": { "slick_id": 40, "centroid": [ 70.669852, 19.106673 ], "bounding_box": [ 70.6626, 19.0973, 70.6779, 19.1168 ], "area_km2": 1.3209, "perimeter_m": 11310.11, "orientation": 55.67, "compactness": 0.1298, "confidence": 0.4536 }, "geometry": { "type": "Polygon", "coordinates": [ [ [ 70.6765, 19.1168 ], [ 70.6767, 19.1168 ], [ 70.6767, 19.1167 ], [ 70.6768, 19.1167 ], [ 70.6768, 19.1166 ], [ 70.677, 19.1166 ], [ 70.677, 19.1165 ], [ 70.6772, 19.1165 ], [ 70.6772, 19.1164 ], [ 70.6774, 19.1164 ], [ 70.6774, 19.1163 ], [ 70.6775, 19.1163 ], [ 70.6775, 19.1162 ], [ 70.6776, 19.1162 ], [ 70.6776, 19.1161 ], [ 70.6775, 19.1161 ], [ 70.6775, 19.116 ], [ 70.6772, 19.116 ], [ 70.6772, 19.1159 ], [ 70.677, 19.1159 ], [ 70.677, 19.1156 ], [ 70.6771, 19.1156 ], [ 70.6771, 19.1155 ], [ 70.6772, 19.1155 ], [ 70.6772, 19.1153 ], [ 70.6773, 19.1153 ], [ 70.6773, 19.1152 ], [ 70.6774, 19.1152 ], [ 70.6774, 19.1151 ], [ 70.6775, 19.1151 ], [ 70.6775, 19.115 ], [ 70.6777, 19.115 ], [ 70.6777, 19.1149 ], [ 70.6778, 19.1149 ], [ 70.6778, 19.1147 ], [ 70.6779, 19.1147 ], [ 70.6779, 19.114 ], [ 70.6778, 19.114 ], [ 70.6778, 19.1137 ], [ 70.6777, 19.1137 ], [ 70.6777, 19.1133 ], [ 70.6776, 19.1133 ], [ 70.6776, 19.113 ], [ 70.6775, 19.113 ], [ 70.6775, 19.1128 ], [ 70.6774, 19.1128 ], [ 70.6774, 19.1127 ], [ 70.6773, 19.1127 ], [ 70.6773, 19.1126 ], [ 70.6772, 19.1126 ], [ 70.6772, 19.1125 ], [ 70.6771, 19.1125 ], [ 70.6771, 19.1124 ], [ 70.677, 19.1124 ], [ 70.677, 19.1123 ], [ 70.6769, 19.1123 ], [ 70.6769, 19.1122 ], [ 70.6767, 19.1122 ], [ 70.6767, 19.1121 ], [ 70.6766, 19.1121 ], [ 70.6766, 19.112 ], [ 70.6765, 19.112 ], [ 70.6765, 19.1119 ], [ 70.6764, 19.1119 ], [ 70.6764, 19.1118 ], [ 70.6763, 19.1118 ], [ 70.6763, 19.1097 ], [ 70.6762, 19.1097 ], [ 70.6762, 19.1094 ], [ 70.6761, 19.1094 ], [ 70.6761, 19.1092 ], [ 70.676, 19.1092 ], [ 70.676, 19.109 ], [ 70.6759, 19.109 ], [ 70.6759, 19.1085 ], [ 70.6758, 19.1085 ], [ 70.6758, 19.1082 ], [ 70.6757, 19.1082 ], [ 70.6757, 19.1081 ], [ 70.6756, 19.1081 ], [ 70.6756, 19.108 ], [ 70.6755, 19.108 ], [ 70.6755, 19.1079 ], [ 70.6753, 19.1079 ], [ 70.6753, 19.1077 ], [ 70.6752, 19.1077 ], [ 70.6752, 19.1073 ], [ 70.6751, 19.1073 ], [ 70.6751, 19.1069 ], [ 70.675, 19.1069 ], [ 70.675, 19.1068 ], [ 70.6749, 19.1068 ], [ 70.6749, 19.1067 ], [ 70.6748, 19.1067 ], [ 70.6748, 19.1066 ], [ 70.6747, 19.1066 ], [ 70.6747, 19.1065 ], [ 70.6746, 19.1065 ], [ 70.6746, 19.1064 ], [ 70.6745, 19.1064 ], [ 70.6745, 19.1063 ], [ 70.6744, 19.1063 ], [ 70.6744, 19.1062 ], [ 70.6743, 19.1062 ], [ 70.6743, 19.1061 ], [ 70.6742, 19.1061 ], [ 70.6742, 19.106 ], [ 70.674, 19.106 ], [ 70.674, 19.1059 ], [ 70.6739, 19.1059 ], [ 70.6739, 19.1058 ], [ 70.6737, 19.1058 ], [ 70.6737, 19.1057 ], [ 70.6736, 19.1057 ], [ 70.6736, 19.1056 ], [ 70.6734, 19.1056 ], [ 70.6734, 19.1055 ], [ 70.6731, 19.1055 ], [ 70.6731, 19.1054 ], [ 70.6723, 19.1054 ], [ 70.6723, 19.1053 ], [ 70.672, 19.1053 ], [ 70.672, 19.1052 ], [ 70.6718, 19.1052 ], [ 70.6718, 19.1051 ], [ 70.6712, 19.1051 ], [ 70.6712, 19.105 ], [ 70.6708, 19.105 ], [ 70.6708, 19.1049 ], [ 70.6706, 19.1049 ], [ 70.6706, 19.1048 ], [ 70.6704, 19.1048 ], [ 70.6704, 19.1047 ], [ 70.6703, 19.1047 ], [ 70.6703, 19.1046 ], [ 70.6702, 19.1046 ], [ 70.6702, 19.1045 ], [ 70.67, 19.1045 ], [ 70.67, 19.1044 ], [ 70.6699, 19.1044 ], [ 70.6699, 19.1043 ], [ 70.6697, 19.1043 ], [ 70.6697, 19.1042 ], [ 70.6695, 19.1042 ], [ 70.6695, 19.1041 ], [ 70.6694, 19.1041 ], [ 70.6694, 19.104 ], [ 70.6693, 19.104 ], [ 70.6693, 19.1037 ], [ 70.6692, 19.1037 ], [ 70.6692, 19.1034 ], [ 70.6691, 19.1034 ], [ 70.6691, 19.102 ], [ 70.669, 19.102 ], [ 70.669, 19.1017 ], [ 70.6691, 19.1017 ], [ 70.6691, 19.1014 ], [ 70.6693, 19.1014 ], [ 70.6693, 19.1013 ], [ 70.6694, 19.1013 ], [ 70.6694, 19.1012 ], [ 70.6695, 19.1012 ], [ 70.6695, 19.1011 ], [ 70.6696, 19.1011 ], [ 70.6696, 19.1009 ], [ 70.6697, 19.1009 ], [ 70.6697, 19.0999 ], [ 70.6696, 19.0999 ], [ 70.6696, 19.0991 ], [ 70.6695, 19.0991 ], [ 70.6695, 19.0987 ], [ 70.6694, 19.0987 ], [ 70.6694, 19.0986 ], [ 70.6691, 19.0986 ], [ 70.6691, 19.0985 ], [ 70.669, 19.0985 ], [ 70.669, 19.0986 ], [ 70.6689, 19.0986 ], [ 70.6689, 19.0988 ], [ 70.6688, 19.0988 ], [ 70.6688, 19.0989 ], [ 70.6687, 19.0989 ], [ 70.6687, 19.099 ], [ 70.6686, 19.099 ], [ 70.6686, 19.0991 ], [ 70.6684, 19.0991 ], [ 70.6684, 19.0992 ], [ 70.6681, 19.0992 ], [ 70.6681, 19.0991 ], [ 70.6679, 19.0991 ], [ 70.6679, 19.099 ], [ 70.6677, 19.099 ], [ 70.6677, 19.0989 ], [ 70.6676, 19.0989 ], [ 70.6676, 19.0988 ], [ 70.6675, 19.0988 ], [ 70.6675, 19.0987 ], [ 70.6674, 19.0987 ], [ 70.6674, 19.0985 ], [ 70.6673, 19.0985 ], [ 70.6673, 19.0984 ], [ 70.6672, 19.0984 ], [ 70.6672, 19.0982 ], [ 70.6671, 19.0982 ], [ 70.6671, 19.0981 ], [ 70.6668, 19.0981 ], [ 70.6668, 19.0982 ], [ 70.6667, 19.0982 ], [ 70.6667, 19.0983 ], [ 70.6666, 19.0983 ], [ 70.6666, 19.0984 ], [ 70.6665, 19.0984 ], [ 70.6665, 19.0985 ], [ 70.6664, 19.0985 ], [ 70.6664, 19.0986 ], [ 70.6662, 19.0986 ], [ 70.6662, 19.0987 ], [ 70.6658, 19.0987 ], [ 70.6658, 19.0986 ], [ 70.6656, 19.0986 ], [ 70.6656, 19.0985 ], [ 70.6655, 19.0985 ], [ 70.6655, 19.0984 ], [ 70.6654, 19.0984 ], [ 70.6654, 19.0983 ], [ 70.6653, 19.0983 ], [ 70.6653, 19.0982 ], [ 70.6652, 19.0982 ], [ 70.6652, 19.0981 ], [ 70.6643, 19.0981 ], [ 70.6643, 19.098 ], [ 70.6641, 19.098 ], [ 70.6641, 19.0979 ], [ 70.664, 19.0979 ], [ 70.664, 19.0977 ], [ 70.6639, 19.0977 ], [ 70.6639, 19.0976 ], [ 70.6638, 19.0976 ], [ 70.6638, 19.0975 ], [ 70.6636, 19.0975 ], [ 70.6636, 19.0974 ], [ 70.6634, 19.0974 ], [ 70.6634, 19.0973 ], [ 70.6628, 19.0973 ], [ 70.6628, 19.0974 ], [ 70.6627, 19.0974 ], [ 70.6627, 19.0975 ], [ 70.6626, 19.0975 ], [ 70.6626, 19.0987 ], [ 70.6627, 19.0987 ], [ 70.6627, 19.099 ], [ 70.6628, 19.099 ], [ 70.6628, 19.0993 ], [ 70.6629, 19.0993 ], [ 70.6629, 19.0995 ], [ 70.663, 19.0995 ], [ 70.663, 19.0997 ], [ 70.6631, 19.0997 ], [ 70.6631, 19.0998 ], [ 70.6632, 19.0998 ], [ 70.6632, 19.1 ], [ 70.6633, 19.1 ], [ 70.6633, 19.1001 ], [ 70.6634, 19.1001 ], [ 70.6634, 19.1003 ], [ 70.6635, 19.1003 ], [ 70.6635, 19.1004 ], [ 70.6636, 19.1004 ], [ 70.6636, 19.1006 ], [ 70.6637, 19.1006 ], [ 70.6637, 19.1007 ], [ 70.6638, 19.1007 ], [ 70.6638, 19.1008 ], [ 70.664, 19.1008 ], [ 70.664, 19.1009 ], [ 70.6641, 19.1009 ], [ 70.6641, 19.1016 ], [ 70.664, 19.1016 ], [ 70.664, 19.1019 ], [ 70.6639, 19.1019 ], [ 70.6639, 19.102 ], [ 70.6638, 19.102 ], [ 70.6638, 19.1023 ], [ 70.6637, 19.1023 ], [ 70.6637, 19.1032 ], [ 70.6638, 19.1032 ], [ 70.6638, 19.1033 ], [ 70.6639, 19.1033 ], [ 70.6639, 19.1034 ], [ 70.6641, 19.1034 ], [ 70.6641, 19.1035 ], [ 70.6642, 19.1035 ], [ 70.6642, 19.1036 ], [ 70.6643, 19.1036 ], [ 70.6643, 19.1037 ], [ 70.6644, 19.1037 ], [ 70.6644, 19.1042 ], [ 70.6645, 19.1042 ], [ 70.6645, 19.1044 ], [ 70.6646, 19.1044 ], [ 70.6646, 19.1045 ], [ 70.6647, 19.1045 ], [ 70.6647, 19.1051 ], [ 70.6646, 19.1051 ], [ 70.6646, 19.1059 ], [ 70.6645, 19.1059 ], [ 70.6645, 19.1065 ], [ 70.6646, 19.1065 ], [ 70.6646, 19.1066 ], [ 70.6647, 19.1066 ], [ 70.6647, 19.1067 ], [ 70.6649, 19.1067 ], [ 70.6649, 19.1068 ], [ 70.665, 19.1068 ], [ 70.665, 19.107 ], [ 70.6651, 19.107 ], [ 70.6651, 19.1071 ], [ 70.6653, 19.1071 ], [ 70.6653, 19.1072 ], [ 70.6655, 19.1072 ], [ 70.6655, 19.1073 ], [ 70.6656, 19.1073 ], [ 70.6656, 19.1075 ], [ 70.6657, 19.1075 ], [ 70.6657, 19.1076 ], [ 70.6658, 19.1076 ], [ 70.6658, 19.1077 ], [ 70.6659, 19.1077 ], [ 70.6659, 19.108 ], [ 70.666, 19.108 ], [ 70.666, 19.1081 ], [ 70.6661, 19.1081 ], [ 70.6661, 19.1084 ], [ 70.666, 19.1084 ], [ 70.666, 19.1086 ], [ 70.6659, 19.1086 ], [ 70.6659, 19.1095 ], [ 70.666, 19.1095 ], [ 70.666, 19.1096 ], [ 70.6661, 19.1096 ], [ 70.6661, 19.1097 ], [ 70.6662, 19.1097 ], [ 70.6662, 19.1098 ], [ 70.6663, 19.1098 ], [ 70.6663, 19.1099 ], [ 70.6664, 19.1099 ], [ 70.6664, 19.11 ], [ 70.6666, 19.11 ], [ 70.6666, 19.1101 ], [ 70.6668, 19.1101 ], [ 70.6668, 19.1102 ], [ 70.6669, 19.1102 ], [ 70.6669, 19.1103 ], [ 70.6672, 19.1103 ], [ 70.6672, 19.1104 ], [ 70.668, 19.1104 ], [ 70.668, 19.1105 ], [ 70.6683, 19.1105 ], [ 70.6683, 19.1106 ], [ 70.6685, 19.1106 ], [ 70.6685, 19.1107 ], [ 70.6687, 19.1107 ], [ 70.6687, 19.1108 ], [ 70.6693, 19.1108 ], [ 70.6693, 19.1107 ], [ 70.6697, 19.1107 ], [ 70.6697, 19.1108 ], [ 70.67, 19.1108 ], [ 70.67, 19.1109 ], [ 70.6702, 19.1109 ], [ 70.6702, 19.111 ], [ 70.6704, 19.111 ], [ 70.6704, 19.1112 ], [ 70.6705, 19.1112 ], [ 70.6705, 19.1117 ], [ 70.6704, 19.1117 ], [ 70.6704, 19.112 ], [ 70.6705, 19.112 ], [ 70.6705, 19.1122 ], [ 70.6706, 19.1122 ], [ 70.6706, 19.1123 ], [ 70.6708, 19.1123 ], [ 70.6708, 19.1125 ], [ 70.6709, 19.1125 ], [ 70.6709, 19.1126 ], [ 70.671, 19.1126 ], [ 70.671, 19.1127 ], [ 70.6712, 19.1127 ], [ 70.6712, 19.1128 ], [ 70.6715, 19.1128 ], [ 70.6715, 19.1129 ], [ 70.6719, 19.1129 ], [ 70.6719, 19.1128 ], [ 70.672, 19.1128 ], [ 70.672, 19.1127 ], [ 70.6721, 19.1127 ], [ 70.6721, 19.1126 ], [ 70.6722, 19.1126 ], [ 70.6722, 19.1123 ], [ 70.6723, 19.1123 ], [ 70.6723, 19.112 ], [ 70.6724, 19.112 ], [ 70.6724, 19.1113 ], [ 70.6723, 19.1113 ], [ 70.6723, 19.1111 ], [ 70.6722, 19.1111 ], [ 70.6722, 19.111 ], [ 70.6721, 19.111 ], [ 70.6721, 19.1107 ], [ 70.672, 19.1107 ], [ 70.672, 19.1106 ], [ 70.6719, 19.1106 ], [ 70.6719, 19.1105 ], [ 70.6718, 19.1105 ], [ 70.6718, 19.1103 ], [ 70.6717, 19.1103 ], [ 70.6717, 19.11 ], [ 70.6716, 19.11 ], [ 70.6716, 19.1098 ], [ 70.6715, 19.1098 ], [ 70.6715, 19.1097 ], [ 70.6714, 19.1097 ], [ 70.6714, 19.1096 ], [ 70.6713, 19.1096 ], [ 70.6713, 19.1094 ], [ 70.6712, 19.1094 ], [ 70.6712, 19.1093 ], [ 70.6711, 19.1093 ], [ 70.6711, 19.1092 ], [ 70.671, 19.1092 ], [ 70.671, 19.1091 ], [ 70.6708, 19.1091 ], [ 70.6708, 19.1089 ], [ 70.6707, 19.1089 ], [ 70.6707, 19.1086 ], [ 70.6706, 19.1086 ], [ 70.6706, 19.1084 ], [ 70.6705, 19.1084 ], [ 70.6705, 19.1082 ], [ 70.6704, 19.1082 ], [ 70.6704, 19.1081 ], [ 70.6703, 19.1081 ], [ 70.6703, 19.108 ], [ 70.6702, 19.108 ], [ 70.6702, 19.1079 ], [ 70.6701, 19.1079 ], [ 70.6701, 19.1078 ], [ 70.67, 19.1078 ], [ 70.67, 19.1076 ], [ 70.6699, 19.1076 ], [ 70.6699, 19.1072 ], [ 70.6701, 19.1072 ], [ 70.6701, 19.1071 ], [ 70.6704, 19.1071 ], [ 70.6704, 19.107 ], [ 70.6717, 19.107 ], [ 70.6717, 19.1071 ], [ 70.6719, 19.1071 ], [ 70.6719, 19.1072 ], [ 70.6721, 19.1072 ], [ 70.6721, 19.1073 ], [ 70.6723, 19.1073 ], [ 70.6723, 19.1074 ], [ 70.6725, 19.1074 ], [ 70.6725, 19.1075 ], [ 70.6727, 19.1075 ], [ 70.6727, 19.1076 ], [ 70.6728, 19.1076 ], [ 70.6728, 19.1077 ], [ 70.6729, 19.1077 ], [ 70.6729, 19.1078 ], [ 70.673, 19.1078 ], [ 70.673, 19.108 ], [ 70.6731, 19.108 ], [ 70.6731, 19.1081 ], [ 70.6732, 19.1081 ], [ 70.6732, 19.1082 ], [ 70.6734, 19.1082 ], [ 70.6734, 19.1084 ], [ 70.6735, 19.1084 ], [ 70.6735, 19.1101 ], [ 70.6734, 19.1101 ], [ 70.6734, 19.1106 ], [ 70.6733, 19.1106 ], [ 70.6733, 19.1108 ], [ 70.6732, 19.1108 ], [ 70.6732, 19.111 ], [ 70.6731, 19.111 ], [ 70.6731, 19.1111 ], [ 70.6732, 19.1111 ], [ 70.6732, 19.1117 ], [ 70.6731, 19.1117 ], [ 70.6731, 19.1122 ], [ 70.6732, 19.1122 ], [ 70.6732, 19.1128 ], [ 70.6731, 19.1128 ], [ 70.6731, 19.1134 ], [ 70.6732, 19.1134 ], [ 70.6732, 19.1135 ], [ 70.6735, 19.1135 ], [ 70.6735, 19.1136 ], [ 70.6737, 19.1136 ], [ 70.6737, 19.114 ], [ 70.6735, 19.114 ], [ 70.6735, 19.1141 ], [ 70.6734, 19.1141 ], [ 70.6734, 19.1144 ], [ 70.6735, 19.1144 ], [ 70.6735, 19.1147 ], [ 70.6736, 19.1147 ], [ 70.6736, 19.1148 ], [ 70.6737, 19.1148 ], [ 70.6737, 19.1149 ], [ 70.6738, 19.1149 ], [ 70.6738, 19.115 ], [ 70.6739, 19.115 ], [ 70.6739, 19.1151 ], [ 70.674, 19.1151 ], [ 70.674, 19.1153 ], [ 70.6741, 19.1153 ], [ 70.6741, 19.1154 ], [ 70.6742, 19.1154 ], [ 70.6742, 19.1155 ], [ 70.6743, 19.1155 ], [ 70.6743, 19.1156 ], [ 70.6745, 19.1156 ], [ 70.6745, 19.1157 ], [ 70.6746, 19.1157 ], [ 70.6746, 19.1158 ], [ 70.6752, 19.1158 ], [ 70.6752, 19.1157 ], [ 70.6755, 19.1157 ], [ 70.6755, 19.1158 ], [ 70.6757, 19.1158 ], [ 70.6757, 19.1161 ], [ 70.6756, 19.1161 ], [ 70.6756, 19.1162 ], [ 70.6757, 19.1162 ], [ 70.6757, 19.1163 ], [ 70.6759, 19.1163 ], [ 70.6759, 19.1164 ], [ 70.676, 19.1164 ], [ 70.676, 19.1165 ], [ 70.6761, 19.1165 ], [ 70.6761, 19.1166 ], [ 70.6763, 19.1166 ], [ 70.6763, 19.1167 ], [ 70.6765, 19.1167 ], [ 70.6765, 19.1168 ] ], [ [ 70.6685, 19.1097 ], [ 70.6685, 19.1096 ], [ 70.6682, 19.1096 ], [ 70.6682, 19.1095 ], [ 70.668, 19.1095 ], [ 70.668, 19.1094 ], [ 70.6678, 19.1094 ], [ 70.6678, 19.1092 ], [ 70.6677, 19.1092 ], [ 70.6677, 19.1088 ], [ 70.6678, 19.1088 ], [ 70.6678, 19.1085 ], [ 70.668, 19.1085 ], [ 70.668, 19.1084 ], [ 70.6683, 19.1084 ], [ 70.6683, 19.1085 ], [ 70.6686, 19.1085 ], [ 70.6686, 19.1086 ], [ 70.6688, 19.1086 ], [ 70.6688, 19.1087 ], [ 70.6689, 19.1087 ], [ 70.6689, 19.1088 ], [ 70.6691, 19.1088 ], [ 70.6691, 19.1089 ], [ 70.6692, 19.1089 ], [ 70.6692, 19.109 ], [ 70.6693, 19.109 ], [ 70.6693, 19.1095 ], [ 70.6692, 19.1095 ], [ 70.6692, 19.1096 ], [ 70.669, 19.1096 ], [ 70.669, 19.1097 ], [ 70.6685, 19.1097 ] ] ] } },
{ "type": "Feature", "properties": { "slick_id": 41, "centroid": [ 70.660546, 19.096746 ], "bounding_box": [ 70.6594, 19.0946, 70.6616, 19.0988 ], "area_km2": 0.0498, "perimeter_m": 1424.9, "orientation": 60.26, "compactness": 0.3083, "confidence": 0.3463 }, "geometry": { "type": "Polygon", "coordinates": [ [ [ 70.6613, 19.0988 ], [ 70.6614, 19.0988 ], [ 70.6614, 19.0987 ], [ 70.6615, 19.0987 ], [ 70.6615, 19.0985 ], [ 70.6616, 19.0985 ], [ 70.6616, 19.0976 ], [ 70.6615, 19.0976 ], [ 70.6615, 19.0974 ], [ 70.6614, 19.0974 ], [ 70.6614, 19.0972 ], [ 70.6613, 19.0972 ], [ 70.6613, 19.097 ], [ 70.6612, 19.097 ], [ 70.6612, 19.0966 ], [ 70.6611, 19.0966 ], [ 70.6611, 19.0963 ], [ 70.661, 19.0963 ], [ 70.661, 19.0962 ], [ 70.6609, 19.0962 ], [ 70.6609, 19.0961 ], [ 70.6608, 19.0961 ], [ 70.6608, 19.0959 ], [ 70.6607, 19.0959 ], [ 70.6607, 19.0958 ], [ 70.6606, 19.0958 ], [ 70.6606, 19.0957 ], [ 70.6605, 19.0957 ], [ 70.6605, 19.0956 ], [ 70.6604, 19.0956 ], [ 70.6604, 19.0955 ], [ 70.6603, 19.0955 ], [ 70.6603, 19.0952 ], [ 70.6602, 19.0952 ], [ 70.6602, 19.095 ], [ 70.6601, 19.095 ], [ 70.6601, 19.0949 ], [ 70.66, 19.0949 ], [ 70.66, 19.0948 ], [ 70.6599, 19.0948 ], [ 70.6599, 19.0947 ], [ 70.6598, 19.0947 ], [ 70.6598, 19.0946 ], [ 70.6595, 19.0946 ], [ 70.6595, 19.0947 ], [ 70.6594, 19.0947 ], [ 70.6594, 19.0948 ], [ 70.6595, 19.0948 ], [ 70.6595, 19.0953 ], [ 70.6596, 19.0953 ], [ 70.6596, 19.0957 ], [ 70.6597, 19.0957 ], [ 70.6597, 19.0966 ], [ 70.6598, 19.0966 ], [ 70.6598, 19.0968 ], [ 70.6599, 19.0968 ], [ 70.6599, 19.0969 ], [ 70.66, 19.0969 ], [ 70.66, 19.097 ], [ 70.6601, 19.097 ], [ 70.6601, 19.0973 ], [ 70.6602, 19.0973 ], [ 70.6602, 19.0974 ], [ 70.6603, 19.0974 ], [ 70.6603, 19.0975 ], [ 70.6604, 19.0975 ], [ 70.6604, 19.0977 ], [ 70.6605, 19.0977 ], [ 70.6605, 19.0979 ], [ 70.6606, 19.0979 ], [ 70.6606, 19.0982 ], [ 70.6607, 19.0982 ], [ 70.6607, 19.0983 ], [ 70.6608, 19.0983 ], [ 70.6608, 19.0984 ], [ 70.6609, 19.0984 ], [ 70.6609, 19.0985 ], [ 70.661, 19.0985 ], [ 70.661, 19.0986 ], [ 70.6612, 19.0986 ], [ 70.6612, 19.0987 ], [ 70.6613, 19.0987 ], [ 70.6613, 19.0988 ] ] ] } },
{ "type": "Feature", "properties": { "slick_id": 42, "centroid": [ 70.845712, 19.115411 ], "bounding_box": [ 70.8396, 19.092, 70.8523, 19.1342 ], "area_km2": 3.5181, "perimeter_m": 13046.7, "orientation": 84.29, "compactness": 0.2597, "confidence": 0.6697 }, "geometry": { "type": "Polygon", "coordinates": [ [ [ 70.8489, 19.1342 ], [ 70.85, 19.1342 ], [ 70.85, 19.1341 ], [ 70.8505, 19.1341 ], [ 70.8505, 19.1342 ], [ 70.8507, 19.1342 ], [ 70.8507, 19.1341 ], [ 70.8508, 19.1341 ], [ 70.8508, 19.134 ], [ 70.8509, 19.134 ], [ 70.8509, 19.1338 ], [ 70.851, 19.1338 ], [ 70.851, 19.1337 ], [ 70.8511, 19.1337 ], [ 70.8511, 19.1336 ], [ 70.8513, 19.1336 ], [ 70.8513, 19.1335 ], [ 70.8516, 19.1335 ], [ 70.8516, 19.1334 ], [ 70.8518, 19.1334 ], [ 70.8518, 19.1333 ], [ 70.8519, 19.1333 ], [ 70.8519, 19.1332 ], [ 70.852, 19.1332 ], [ 70.852, 19.133 ], [ 70.8521, 19.133 ], [ 70.8521, 19.1318 ], [ 70.8522, 19.1318 ], [ 70.8522, 19.1316 ], [ 70.8523, 19.1316 ], [ 70.8523, 19.1312 ], [ 70.8522, 19.1312 ], [ 70.8522, 19.1304 ], [ 70.8523, 19.1304 ], [ 70.8523, 19.1285 ], [ 70.8522, 19.1285 ], [ 70.8522, 19.1284 ], [ 70.8521, 19.1284 ], [ 70.8521, 19.1283 ], [ 70.852, 19.1283 ], [ 70.852, 19.1282 ], [ 70.8519, 19.1282 ], [ 70.8519, 19.1281 ], [ 70.8518, 19.1281 ], [ 70.8518, 19.1266 ], [ 70.8517, 19.1266 ], [ 70.8517, 19.1255 ], [ 70.8518, 19.1255 ], [ 70.8518, 19.1252 ], [ 70.8517, 19.1252 ], [ 70.8517, 19.124 ], [ 70.8516, 19.124 ], [ 70.8516, 19.1236 ], [ 70.8515, 19.1236 ], [ 70.8515, 19.1235 ], [ 70.8514, 19.1235 ], [ 70.8514, 19.1232 ], [ 70.8513, 19.1232 ], [ 70.8513, 19.1228 ], [ 70.8512, 19.1228 ], [ 70.8512, 19.1222 ], [ 70.8511, 19.1222 ], [ 70.8511, 19.122 ], [ 70.851, 19.122 ], [ 70.851, 19.1218 ], [ 70.8509, 19.1218 ], [ 70.8509, 19.1215 ], [ 70.851, 19.1215 ], [ 70.851, 19.1208 ], [ 70.8511, 19.1208 ], [ 70.8511, 19.1198 ], [ 70.8512, 19.1198 ], [ 70.8512, 19.1195 ], [ 70.8513, 19.1195 ], [ 70.8513, 19.1185 ], [ 70.8512, 19.1185 ], [ 70.8512, 19.1182 ], [ 70.8511, 19.1182 ], [ 70.8511, 19.1179 ], [ 70.851, 19.1179 ], [ 70.851, 19.1175 ], [ 70.8509, 19.1175 ], [ 70.8509, 19.1171 ], [ 70.8508, 19.1171 ], [ 70.8508, 19.1167 ], [ 70.8507, 19.1167 ], [ 70.8507, 19.1164 ], [ 70.8506, 19.1164 ], [ 70.8506, 19.1162 ], [ 70.8505, 19.1162 ], [ 70.8505, 19.1161 ], [ 70.8504, 19.1161 ], [ 70.8504, 19.116 ], [ 70.8501, 19.116 ], [ 70.8501, 19.1159 ], [ 70.8499, 19.1159 ], [ 70.8499, 19.115 ], [ 70.8498, 19.115 ], [ 70.8498, 19.1149 ], [ 70.8497, 19.1149 ], [ 70.8497, 19.1148 ], [ 70.8495, 19.1148 ], [ 70.8495, 19.1147 ], [ 70.8493, 19.1147 ], [ 70.8493, 19.1146 ], [ 70.8492, 19.1146 ], [ 70.8492, 19.1143 ], [ 70.8491, 19.1143 ], [ 70.8491, 19.114 ], [ 70.849, 19.114 ], [ 70.849, 19.1134 ], [ 70.8489, 19.1134 ], [ 70.8489, 19.113 ], [ 70.8488, 19.113 ], [ 70.8488, 19.1128 ], [ 70.8487, 19.1128 ], [ 70.8487, 19.1125 ], [ 70.8486, 19.1125 ], [ 70.8486, 19.1122 ], [ 70.8485, 19.1122 ], [ 70.8485, 19.1115 ], [ 70.8484, 19.1115 ], [ 70.8484, 19.1109 ], [ 70.8483, 19.1109 ], [ 70.8483, 19.1106 ], [ 70.8482, 19.1106 ], [ 70.8482, 19.1104 ], [ 70.8481, 19.1104 ], [ 70.8481, 19.1101 ], [ 70.848, 19.1101 ], [ 70.848, 19.1099 ], [ 70.8479, 19.1099 ], [ 70.8479, 19.1096 ], [ 70.8478, 19.1096 ], [ 70.8478, 19.1094 ], [ 70.8477, 19.1094 ], [ 70.8477, 19.1091 ], [ 70.8476, 19.1091 ], [ 70.8476, 19.1087 ], [ 70.8475, 19.1087 ], [ 70.8475, 19.1084 ], [ 70.8474, 19.1084 ], [ 70.8474, 19.1083 ], [ 70.8473, 19.1083 ], [ 70.8473, 19.1081 ], [ 70.8472, 19.1081 ], [ 70.8472, 19.1079 ], [ 70.8471, 19.1079 ], [ 70.8471, 19.107 ], [ 70.847, 19.107 ], [ 70.847, 19.1066 ], [ 70.8469, 19.1066 ], [ 70.8469, 19.1063 ], [ 70.8468, 19.1063 ], [ 70.8468, 19.1058 ], [ 70.8467, 19.1058 ], [ 70.8467, 19.1054 ], [ 70.8466, 19.1054 ], [ 70.8466, 19.105 ], [ 70.8465, 19.105 ], [ 70.8465, 19.1045 ], [ 70.8464, 19.1045 ], [ 70.8464, 19.1041 ], [ 70.8463, 19.1041 ], [ 70.8463, 19.1039 ], [ 70.8462, 19.1039 ], [ 70.8462, 19.1037 ], [ 70.8461, 19.1037 ], [ 70.8461, 19.1033 ], [ 70.846, 19.1033 ], [ 70.846, 19.103 ], [ 70.8459, 19.103 ], [ 70.8459, 19.1027 ], [ 70.8458, 19.1027 ], [ 70.8458, 19.1023 ], [ 70.8457, 19.1023 ], [ 70.8457, 19.1009 ], [ 70.8458, 19.1009 ], [ 70.8458, 19.0995 ], [ 70.8457, 19.0995 ], [ 70.8457, 19.0992 ], [ 70.8458, 19.0992 ], [ 70.8458, 19.0989 ], [ 70.8457, 19.0989 ], [ 70.8457, 19.0983 ], [ 70.8456, 19.0983 ], [ 70.8456, 19.0978 ], [ 70.8455, 19.0978 ], [ 70.8455, 19.0973 ], [ 70.8454, 19.0973 ], [ 70.8454, 19.0967 ], [ 70.8453, 19.0967 ], [ 70.8453, 19.0964 ], [ 70.8452, 19.0964 ], [ 70.8452, 19.0959 ], [ 70.8453, 19.0959 ], [ 70.8453, 19.0955 ], [ 70.8452, 19.0955 ], [ 70.8452, 19.0954 ], [ 70.8451, 19.0954 ], [ 70.8451, 19.0953 ], [ 70.845, 19.0953 ], [ 70.845, 19.0952 ], [ 70.8449, 19.0952 ], [ 70.8449, 19.0951 ], [ 70.8448, 19.0951 ], [ 70.8448, 19.095 ], [ 70.8447, 19.095 ], [ 70.8447, 19.0948 ], [ 70.8446, 19.0948 ], [ 70.8446, 19.0946 ], [ 70.8445, 19.0946 ], [ 70.8445, 19.0944 ], [ 70.8444, 19.0944 ], [ 70.8444, 19.0943 ], [ 70.8443, 19.0943 ], [ 70.8443, 19.0941 ], [ 70.8442, 19.0941 ], [ 70.8442, 19.094 ], [ 70.8441, 19.094 ], [ 70.8441, 19.0936 ], [ 70.844, 19.0936 ], [ 70.844, 19.0932 ], [ 70.8439, 19.0932 ], [ 70.8439, 19.093 ], [ 70.8438, 19.093 ], [ 70.8438, 19.0927 ], [ 70.8437, 19.0927 ], [ 70.8437, 19.0924 ], [ 70.8436, 19.0924 ], [ 70.8436, 19.0921 ], [ 70.8435, 19.0921 ], [ 70.8435, 19.092 ], [ 70.8432, 19.092 ], [ 70.8432, 19.0921 ], [ 70.843, 19.0921 ], [ 70.843, 19.0922 ], [ 70.8429, 19.0922 ], [ 70.8429, 19.0923 ], [ 70.8428, 19.0923 ], [ 70.8428, 19.0924 ], [ 70.8427, 19.0924 ], [ 70.8427, 19.0926 ], [ 70.8426, 19.0926 ], [ 70.8426, 19.0927 ], [ 70.8425, 19.0927 ], [ 70.8425, 19.0928 ], [ 70.8424, 19.0928 ], [ 70.8424, 19.0929 ], [ 70.8423, 19.0929 ], [ 70.8423, 19.0931 ], [ 70.8422, 19.0931 ], [ 70.8422, 19.0932 ], [ 70.8421, 19.0932 ], [ 70.8421, 19.0933 ], [ 70.842, 19.0933 ], [ 70.842, 19.0934 ], [ 70.8418, 19.0934 ], [ 70.8418, 19.0935 ], [ 70.8416, 19.0935 ], [ 70.8416, 19.0934 ], [ 70.8409, 19.0934 ], [ 70.8409, 19.0935 ], [ 70.8408, 19.0935 ], [ 70.8408, 19.0936 ], [ 70.8407, 19.0936 ], [ 70.8407, 19.0937 ], [ 70.8406, 19.0937 ], [ 70.8406, 19.0939 ], [ 70.8405, 19.0939 ], [ 70.8405, 19.0942 ], [ 70.8404, 19.0942 ], [ 70.8404, 19.0943 ], [ 70.8403, 19.0943 ], [ 70.8403, 19.0945 ], [ 70.8402, 19.0945 ], [ 70.8402, 19.0947 ], [ 70.8401, 19.0947 ], [ 70.8401, 19.0953 ], [ 70.84, 19.0953 ], [ 70.84, 19.0956 ], [ 70.8399, 19.0956 ], [ 70.8399, 19.0957 ], [ 70.8398, 19.0957 ], [ 70.8398, 19.0963 ], [ 70.8397, 19.0963 ], [ 70.8397, 19.0975 ], [ 70.8396, 19.0975 ], [ 70.8396, 19.099 ], [ 70.8397, 19.099 ], [ 70.8397, 19.0998 ], [ 70.8398, 19.0998 ], [ 70.8398, 19.1001 ], [ 70.8399, 19.1001 ], [ 70.8399, 19.1002 ], [ 70.84, 19.1002 ], [ 70.84, 19.1003 ], [ 70.8401, 19.1003 ], [ 70.8401, 19.1004 ], [ 70.8402, 19.1004 ], [ 70.8402, 19.1008 ], [ 70.8401, 19.1008 ], [ 70.8401, 19.1009 ], [ 70.84, 19.1009 ], [ 70.84, 19.1011 ], [ 70.8401, 19.1011 ], [ 70.8401, 19.1015 ], [ 70.8402, 19.1015 ], [ 70.8402, 19.1017 ], [ 70.8403, 19.1017 ], [ 70.8403, 19.1018 ], [ 70.8404, 19.1018 ], [ 70.8404, 19.1019 ], [ 70.8405, 19.1019 ], [ 70.8405, 19.102 ], [ 70.8406, 19.102 ], [ 70.8406, 19.1021 ], [ 70.8407, 19.1021 ], [ 70.8407, 19.1023 ], [ 70.8408, 19.1023 ], [ 70.8408, 19.1025 ], [ 70.8409, 19.1025 ], [ 70.8409, 19.1028 ], [ 70.841, 19.1028 ], [ 70.841, 19.103 ], [ 70.8411, 19.103 ], [ 70.8411, 19.1032 ], [ 70.8412, 19.1032 ], [ 70.8412, 19.1038 ], [ 70.8413, 19.1038 ], [ 70.8413, 19.1041 ], [ 70.8414, 19.1041 ], [ 70.8414, 19.1045 ], [ 70.8415, 19.1045 ], [ 70.8415, 19.1049 ], [ 70.8414, 19.1049 ], [ 70.8414, 19.1061 ], [ 70.8413, 19.1061 ], [ 70.8413, 19.1064 ], [ 70.8412, 19.1064 ], [ 70.8412, 19.1068 ], [ 70.8411, 19.1068 ], [ 70.8411, 19.1074 ], [ 70.8412, 19.1074 ], [ 70.8412, 19.1076 ], [ 70.8413, 19.1076 ], [ 70.8413, 19.1086 ], [ 70.8412, 19.1086 ], [ 70.8412, 19.11 ], [ 70.8411, 19.11 ], [ 70.8411, 19.1106 ], [ 70.8412, 19.1106 ], [ 70.8412, 19.112 ], [ 70.8413, 19.112 ], [ 70.8413, 19.1124 ], [ 70.8414, 19.1124 ], [ 70.8414, 19.1127 ], [ 70.8415, 19.1127 ], [ 70.8415, 19.1129 ], [ 70.8416, 19.1129 ], [ 70.8416, 19.1131 ], [ 70.8417, 19.1131 ], [ 70.8417, 19.1133 ], [ 70.8418, 19.1133 ], [ 70.8418, 19.1136 ], [ 70.8419, 19.1136 ], [ 70.8419, 19.1138 ], [ 70.842, 19.1138 ], [ 70.842, 19.114 ], [ 70.8421, 19.114 ], [ 70.8421, 19.1142 ], [ 70.8422, 19.1142 ], [ 70.8422, 19.1143 ], [ 70.8423, 19.1143 ], [ 70.8423, 19.1145 ], [ 70.8424, 19.1145 ], [ 70.8424, 19.1147 ], [ 70.8425, 19.1147 ], [ 70.8425, 19.1149 ], [ 70.8426, 19.1149 ], [ 70.8426, 19.115 ], [ 70.8427, 19.115 ], [ 70.8427, 19.1152 ], [ 70.8428, 19.1152 ], [ 70.8428, 19.1153 ], [ 70.8429, 19.1153 ], [ 70.8429, 19.1159 ], [ 70.8427, 19.1159 ], [ 70.8427, 19.116 ], [ 70.8424, 19.116 ], [ 70.8424, 19.1161 ], [ 70.8423, 19.1161 ], [ 70.8423, 19.1162 ], [ 70.8424, 19.1162 ], [ 70.8424, 19.1163 ], [ 70.8425, 19.1163 ], [ 70.8425, 19.1165 ], [ 70.8426, 19.1165 ], [ 70.8426, 19.1167 ], [ 70.8427, 19.1167 ], [ 70.8427, 19.1172 ], [ 70.8428, 19.1172 ], [ 70.8428, 19.1177 ], [ 70.8429, 19.1177 ], [ 70.8429, 19.1185 ], [ 70.8428, 19.1185 ], [ 70.8428, 19.1191 ], [ 70.8427, 19.1191 ], [ 70.8427, 19.1198 ], [ 70.8426, 19.1198 ], [ 70.8426, 19.1201 ], [ 70.8425, 19.1201 ], [ 70.8425, 19.1209 ], [ 70.8424, 19.1209 ], [ 70.8424, 19.1211 ], [ 70.8423, 19.1211 ], [ 70.8423, 19.1213 ], [ 70.8422, 19.1213 ], [ 70.8422, 19.1224 ], [ 70.8421, 19.1224 ], [ 70.8421, 19.1227 ], [ 70.842, 19.1227 ], [ 70.842, 19.1233 ], [ 70.8419, 19.1233 ], [ 70.8419, 19.1237 ], [ 70.8418, 19.1237 ], [ 70.8418, 19.1244 ], [ 70.8417, 19.1244 ], [ 70.8417, 19.1247 ], [ 70.8418, 19.1247 ], [ 70.8418, 19.1251 ], [ 70.8419, 19.1251 ], [ 70.8419, 19.1253 ], [ 70.842, 19.1253 ], [ 70.842, 19.1254 ], [ 70.8421, 19.1254 ], [ 70.8421, 19.1257 ], [ 70.8422, 19.1257 ], [ 70.8422, 19.1274 ], [ 70.8423, 19.1274 ], [ 70.8423, 19.1277 ], [ 70.8424, 19.1277 ], [ 70.8424, 19.128 ], [ 70.8425, 19.128 ], [ 70.8425, 19.1282 ], [ 70.8426, 19.1282 ], [ 70.8426, 19.1283 ], [ 70.8427, 19.1283 ], [ 70.8427, 19.1284 ], [ 70.843, 19.1284 ], [ 70.843, 19.1285 ], [ 70.8432, 19.1285 ], [ 70.8432, 19.1286 ], [ 70.8433, 19.1286 ], [ 70.8433, 19.1287 ], [ 70.8435, 19.1287 ], [ 70.8435, 19.1289 ], [ 70.8436, 19.1289 ], [ 70.8436, 19.129 ], [ 70.8437, 19.129 ], [ 70.8437, 19.1292 ], [ 70.8438, 19.1292 ], [ 70.8438, 19.1293 ], [ 70.8439, 19.1293 ], [ 70.8439, 19.1294 ], [ 70.844, 19.1294 ], [ 70.844, 19.1295 ], [ 70.8441, 19.1295 ], [ 70.8441, 19.1296 ], [ 70.8442, 19.1296 ], [ 70.8442, 19.1297 ], [ 70.8443, 19.1297 ], [ 70.8443, 19.1298 ], [ 70.8445, 19.1298 ], [ 70.8445, 19.1299 ], [ 70.8446, 19.1299 ], [ 70.8446, 19.13 ], [ 70.8448, 19.13 ], [ 70.8448, 19.1301 ], [ 70.845, 19.1301 ], [ 70.845, 19.1303 ], [ 70.8451, 19.1303 ], [ 70.8451, 19.1306 ], [ 70.8452, 19.1306 ], [ 70.8452, 19.1309 ], [ 70.8453, 19.1309 ], [ 70.8453, 19.1311 ], [ 70.8454, 19.1311 ], [ 70.8454, 19.1313 ], [ 70.8455, 19.1313 ], [ 70.8455, 19.1315 ], [ 70.8456, 19.1315 ], [ 70.8456, 19.1317 ], [ 70.8457, 19.1317 ], [ 70.8457, 19.1318 ], [ 70.8458, 19.1318 ], [ 70.8458, 19.1319 ], [ 70.846, 19.1319 ], [ 70.846, 19.132 ], [ 70.8462, 19.132 ], [ 70.8462, 19.1321 ], [ 70.8463, 19.1321 ], [ 70.8463, 19.1322 ], [ 70.8464, 19.1322 ], [ 70.8464, 19.1324 ], [ 70.8465, 19.1324 ], [ 70.8465, 19.1325 ], [ 70.8466, 19.1325 ], [ 70.8466, 19.1327 ], [ 70.8467, 19.1327 ], [ 70.8467, 19.1328 ], [ 70.8468, 19.1328 ], [ 70.8468, 19.1329 ], [ 70.8469, 19.1329 ], [ 70.8469, 19.133 ], [ 70.847, 19.133 ], [ 70.847, 19.1331 ], [ 70.8471, 19.1331 ], [ 70.8471, 19.1332 ], [ 70.8472, 19.1332 ], [ 70.8472, 19.1333 ], [ 70.8474, 19.1333 ], [ 70.8474, 19.1334 ], [ 70.8475, 19.1334 ], [ 70.8475, 19.1335 ], [ 70.8476, 19.1335 ], [ 70.8476, 19.1336 ], [ 70.8477, 19.1336 ], [ 70.8477, 19.1337 ], [ 70.8478, 19.1337 ], [ 70.8478, 19.1338 ], [ 70.8479, 19.1338 ], [ 70.8479, 19.1339 ], [ 70.8481, 19.1339 ], [ 70.8481, 19.134 ], [ 70.8487, 19.134 ], [ 70.8487, 19.1341 ], [ 70.8489, 19.1341 ], [ 70.8489, 19.1342 ] ] ] } },
{ "type": "Feature", "properties": { "slick_id": 43, "centroid": [ 70.502262, 19.137489 ], "bounding_box": [ 70.5004, 19.091, 70.5038, 19.1793 ], "area_km2": 2.4866, "perimeter_m": 22842.86, "orientation": 89.87, "compactness": 0.0599, "confidence": 0.5155 }, "geometry": { "type": "Polygon", "coordinates": [ [ [ 70.5029, 19.1793 ], [ 70.503, 19.1793 ], [ 70.503, 19.1792 ], [ 70.5031, 19.1792 ], [ 70.5031, 19.179 ], [ 70.5032, 19.179 ], [ 70.5032, 19.1785 ], [ 70.5034, 19.1785 ], [ 70.5034, 19.1784 ], [ 70.5035, 19.1784 ], [ 70.5035, 19.1771 ], [ 70.5036, 19.1771 ], [ 70.5036, 19.1769 ], [ 70.5035, 19.1769 ], [ 70.5035, 19.1754 ], [ 70.5036, 19.1754 ], [ 70.5036, 19.1742 ], [ 70.5037, 19.1742 ], [ 70.5037, 19.173 ], [ 70.5038, 19.173 ], [ 70.5038, 19.1716 ], [ 70.5037, 19.1716 ], [ 70.5037, 19.1704 ], [ 70.5036, 19.1704 ], [ 70.5036, 19.1677 ], [ 70.5035, 19.1677 ], [ 70.5035, 19.1672 ], [ 70.5036, 19.1672 ], [ 70.5036, 19.1669 ], [ 70.5037, 19.1669 ], [ 70.5037, 19.1617 ], [ 70.5036, 19.1617 ], [ 70.5036, 19.1596 ], [ 70.5035, 19.1596 ], [ 70.5035, 19.1522 ], [ 70.5036, 19.1522 ], [ 70.5036, 19.1406 ], [ 70.5035, 19.1406 ], [ 70.5035, 19.1389 ], [ 70.5036, 19.1389 ], [ 70.5036, 19.134 ], [ 70.5035, 19.134 ], [ 70.5035, 19.1334 ], [ 70.5036, 19.1334 ], [ 70.5036, 19.1319 ], [ 70.5037, 19.1319 ], [ 70.5037, 19.1259 ], [ 70.5036, 19.1259 ], [ 70.5036, 19.1235 ], [ 70.5035, 19.1235 ], [ 70.5035, 19.1215 ], [ 70.5034, 19.1215 ], [ 70.5034, 19.1207 ], [ 70.5035, 19.1207 ], [ 70.5035, 19.1174 ], [ 70.5036, 19.1174 ], [ 70.5036, 19.1161 ], [ 70.5035, 19.1161 ], [ 70.5035, 19.1117 ], [ 70.5036, 19.1117 ], [ 70.5036, 19.11 ], [ 70.5035, 19.11 ], [ 70.5035, 19.1053 ], [ 70.5034, 19.1053 ], [ 70.5034, 19.1048 ], [ 70.5035, 19.1048 ], [ 70.5035, 19.1017 ], [ 70.5034, 19.1017 ], [ 70.5034, 19.0994 ], [ 70.5033, 19.0994 ], [ 70.5033, 19.0984 ], [ 70.5034, 19.0984 ], [ 70.5034, 19.0977 ], [ 70.5035, 19.0977 ], [ 70.5035, 19.0961 ], [ 70.5036, 19.0961 ], [ 70.5036, 19.0944 ], [ 70.5035, 19.0944 ], [ 70.5035, 19.0927 ], [ 70.5034, 19.0927 ], [ 70.5034, 19.092 ], [ 70.5033, 19.092 ], [ 70.5033, 19.0919 ], [ 70.5032, 19.0919 ], [ 70.5032, 19.0917 ], [ 70.5031, 19.0917 ], [ 70.5031, 19.0914 ], [ 70.5032, 19.0914 ], [ 70.5032, 19.0913 ], [ 70.5033, 19.0913 ], [ 70.5033, 19.0912 ], [ 70.5034, 19.0912 ], [ 70.5034, 19.0911 ], [ 70.5033, 19.0911 ], [ 70.5033, 19.091 ], [ 70.5028, 19.091 ], [ 70.5028, 19.0911 ], [ 70.5027, 19.0911 ], [ 70.5027, 19.0912 ], [ 70.5028, 19.0912 ], [ 70.5028, 19.0913 ], [ 70.5029, 19.0913 ], [ 70.5029, 19.0914 ], [ 70.503, 19.0914 ], [ 70.503, 19.0917 ], [ 70.5029, 19.0917 ], [ 70.5029, 19.0922 ], [ 70.5028, 19.0922 ], [ 70.5028, 19.0924 ], [ 70.5027, 19.0924 ], [ 70.5027, 19.0927 ], [ 70.5026, 19.0927 ], [ 70.5026, 19.0929 ], [ 70.5025, 19.0929 ], [ 70.5025, 19.0931 ], [ 70.5024, 19.0931 ], [ 70.5024, 19.0933 ], [ 70.5023, 19.0933 ], [ 70.5023, 19.0936 ], [ 70.5022, 19.0936 ], [ 70.5022, 19.0939 ], [ 70.5021, 19.0939 ], [ 70.5021, 19.0944 ], [ 70.502, 19.0944 ], [ 70.502, 19.096 ], [ 70.5021, 19.096 ], [ 70.5021, 19.0966 ], [ 70.5022, 19.0966 ], [ 70.5022, 19.097 ], [ 70.5023, 19.097 ], [ 70.5023, 19.0974 ], [ 70.5024, 19.0974 ], [ 70.5024, 19.0977 ], [ 70.5025, 19.0977 ], [ 70.5025, 19.098 ], [ 70.5026, 19.098 ], [ 70.5026, 19.0985 ], [ 70.5027, 19.0985 ], [ 70.5027, 19.0988 ], [ 70.5026, 19.0988 ], [ 70.5026, 19.0993 ], [ 70.5025, 19.0993 ], [ 70.5025, 19.0997 ], [ 70.5024, 19.0997 ], [ 70.5024, 19.1001 ], [ 70.5023, 19.1001 ], [ 70.5023, 19.1005 ], [ 70.5022, 19.1005 ], [ 70.5022, 19.101 ], [ 70.5021, 19.101 ], [ 70.5021, 19.1017 ], [ 70.502, 19.1017 ], [ 70.502, 19.103 ], [ 70.5019, 19.103 ], [ 70.5019, 19.1049 ], [ 70.5018, 19.1049 ], [ 70.5018, 19.1057 ], [ 70.5017, 19.1057 ], [ 70.5017, 19.1067 ], [ 70.5016, 19.1067 ], [ 70.5016, 19.1079 ], [ 70.5015, 19.1079 ], [ 70.5015, 19.1085 ], [ 70.5014, 19.1085 ], [ 70.5014, 19.1087 ], [ 70.5012, 19.1087 ], [ 70.5012, 19.1088 ], [ 70.5011, 19.1088 ], [ 70.5011, 19.1087 ], [ 70.5009, 19.1087 ], [ 70.5009, 19.1083 ], [ 70.5008, 19.1083 ], [ 70.5008, 19.1082 ], [ 70.5007, 19.1082 ], [ 70.5007, 19.1083 ], [ 70.5006, 19.1083 ], [ 70.5006, 19.1102 ], [ 70.5005, 19.1102 ], [ 70.5005, 19.1115 ], [ 70.5006, 19.1115 ], [ 70.5006, 19.1126 ], [ 70.5007, 19.1126 ], [ 70.5007, 19.1127 ], [ 70.5008, 19.1127 ], [ 70.5008, 19.1126 ], [ 70.5009, 19.1126 ], [ 70.5009, 19.1125 ], [ 70.5011, 19.1125 ], [ 70.5011, 19.1124 ], [ 70.5012, 19.1124 ], [ 70.5012, 19.1125 ], [ 70.5014, 19.1125 ], [ 70.5014, 19.1126 ], [ 70.5015, 19.1126 ], [ 70.5015, 19.1128 ], [ 70.5016, 19.1128 ], [ 70.5016, 19.113 ], [ 70.5017, 19.113 ], [ 70.5017, 19.1132 ], [ 70.5018, 19.1132 ], [ 70.5018, 19.1134 ], [ 70.5019, 19.1134 ], [ 70.5019, 19.1137 ], [ 70.502, 19.1137 ], [ 70.502, 19.114 ], [ 70.5021, 19.114 ], [ 70.5021, 19.1144 ], [ 70.5022, 19.1144 ], [ 70.5022, 19.1154 ], [ 70.5023, 19.1154 ], [ 70.5023, 19.1159 ], [ 70.5021, 19.1159 ], [ 70.5021, 19.116 ], [ 70.5006, 19.116 ], [ 70.5006, 19.1161 ], [ 70.5005, 19.1161 ], [ 70.5005, 19.1167 ], [ 70.5006, 19.1167 ], [ 70.5006, 19.1196 ], [ 70.5007, 19.1196 ], [ 70.5007, 19.1197 ], [ 70.5008, 19.1197 ], [ 70.5008, 19.1196 ], [ 70.5009, 19.1196 ], [ 70.5009, 19.1194 ], [ 70.5011, 19.1194 ], [ 70.5011, 19.1193 ], [ 70.5013, 19.1193 ], [ 70.5013, 19.1194 ], [ 70.5015, 19.1194 ], [ 70.5015, 19.1196 ], [ 70.5016, 19.1196 ], [ 70.5016, 19.1199 ], [ 70.5017, 19.1199 ], [ 70.5017, 19.1201 ], [ 70.5018, 19.1201 ], [ 70.5018, 19.1204 ], [ 70.5019, 19.1204 ], [ 70.5019, 19.1208 ], [ 70.502, 19.1208 ], [ 70.502, 19.1224 ], [ 70.5019, 19.1224 ], [ 70.5019, 19.1239 ], [ 70.5018, 19.1239 ], [ 70.5018, 19.1243 ], [ 70.5017, 19.1243 ], [ 70.5017, 19.1246 ], [ 70.5016, 19.1246 ], [ 70.5016, 19.1248 ], [ 70.5015, 19.1248 ], [ 70.5015, 19.1251 ], [ 70.5014, 19.1251 ], [ 70.5014, 19.1252 ], [ 70.5013, 19.1252 ], [ 70.5013, 19.1253 ], [ 70.5011, 19.1253 ], [ 70.5011, 19.1254 ], [ 70.501, 19.1254 ], [ 70.501, 19.1253 ], [ 70.5008, 19.1253 ], [ 70.5008, 19.1252 ], [ 70.5007, 19.1252 ], [ 70.5007, 19.1253 ], [ 70.5006, 19.1253 ], [ 70.5006, 19.1264 ], [ 70.5005, 19.1264 ], [ 70.5005, 19.1392 ], [ 70.5006, 19.1392 ], [ 70.5006, 19.1444 ], [ 70.5007, 19.1444 ], [ 70.5007, 19.1445 ], [ 70.5008, 19.1445 ], [ 70.5008, 19.1444 ], [ 70.5009, 19.1444 ], [ 70.5009, 19.1438 ], [ 70.5011, 19.1438 ], [ 70.5011, 19.1437 ], [ 70.5012, 19.1437 ], [ 70.5012, 19.1438 ], [ 70.5014, 19.1438 ], [ 70.5014, 19.1439 ], [ 70.5015, 19.1439 ], [ 70.5015, 19.1444 ], [ 70.5016, 19.1444 ], [ 70.5016, 19.1449 ], [ 70.5017, 19.1449 ], [ 70.5017, 19.1454 ], [ 70.5018, 19.1454 ], [ 70.5018, 19.146 ], [ 70.5019, 19.146 ], [ 70.5019, 19.1468 ], [ 70.5018, 19.1468 ], [ 70.5018, 19.1473 ], [ 70.5017, 19.1473 ], [ 70.5017, 19.1476 ], [ 70.5016, 19.1476 ], [ 70.5016, 19.1479 ], [ 70.5015, 19.1479 ], [ 70.5015, 19.1482 ], [ 70.5013, 19.1482 ], [ 70.5013, 19.1483 ], [ 70.5011, 19.1483 ], [ 70.5011, 19.1482 ], [ 70.5009, 19.1482 ], [ 70.5009, 19.1478 ], [ 70.5008, 19.1478 ], [ 70.5008, 19.1477 ], [ 70.5007, 19.1477 ], [ 70.5007, 19.1478 ], [ 70.5006, 19.1478 ], [ 70.5006, 19.1487 ], [ 70.5005, 19.1487 ], [ 70.5005, 19.1609 ], [ 70.5004, 19.1609 ], [ 70.5004, 19.1672 ], [ 70.5005, 19.1672 ], [ 70.5005, 19.1678 ], [ 70.5006, 19.1678 ], [ 70.5006, 19.1684 ], [ 70.5007, 19.1684 ], [ 70.5007, 19.1685 ], [ 70.5008, 19.1685 ], [ 70.5008, 19.1684 ], [ 70.5009, 19.1684 ], [ 70.5009, 19.1681 ], [ 70.5011, 19.1681 ], [ 70.5011, 19.168 ], [ 70.5013, 19.168 ], [ 70.5013, 19.1681 ], [ 70.5015, 19.1681 ], [ 70.5015, 19.1682 ], [ 70.5016, 19.1682 ], [ 70.5016, 19.1684 ], [ 70.5017, 19.1684 ], [ 70.5017, 19.1687 ], [ 70.5018, 19.1687 ], [ 70.5018, 19.1689 ], [ 70.5019, 19.1689 ], [ 70.5019, 19.1691 ], [ 70.502, 19.1691 ], [ 70.502, 19.1694 ], [ 70.5021, 19.1694 ], [ 70.5021, 19.1697 ], [ 70.5022, 19.1697 ], [ 70.5022, 19.1701 ], [ 70.5023, 19.1701 ], [ 70.5023, 19.1704 ], [ 70.5024, 19.1704 ], [ 70.5024, 19.1707 ], [ 70.5025, 19.1707 ], [ 70.5025, 19.1711 ], [ 70.5026, 19.1711 ], [ 70.5026, 19.1769 ], [ 70.5025, 19.1769 ], [ 70.5025, 19.1779 ], [ 70.5026, 19.1779 ], [ 70.5026, 19.1781 ], [ 70.5027, 19.1781 ], [ 70.5027, 19.1791 ], [ 70.5028, 19.1791 ], [ 70.5028, 19.1792 ], [ 70.5029, 19.1792 ], [ 70.5029, 19.1793 ] ] ] } },
{ "type": "Feature", "properties": { "slick_id": 44, "centroid": [ 70.65858, 19.092084 ], "bounding_box": [ 70.6578, 19.0909, 70.6594, 19.0937 ], "area_km2": 0.0315, "perimeter_m": 1001.88, "orientation": 82.23, "compactness": 0.3941, "confidence": 0.3703 }, "geometry": { "type": "Polygon", "coordinates": [ [ [ 70.659, 19.0937 ], [ 70.6591, 19.0937 ], [ 70.6591, 19.0936 ], [ 70.6593, 19.0936 ], [ 70.6593, 19.0935 ], [ 70.6594, 19.0935 ], [ 70.6594, 19.0933 ], [ 70.6593, 19.0933 ], [ 70.6593, 19.0931 ], [ 70.6592, 19.0931 ], [ 70.6592, 19.0929 ], [ 70.6591, 19.0929 ], [ 70.6591, 19.0926 ], [ 70.659, 19.0926 ], [ 70.659, 19.0916 ], [ 70.6591, 19.0916 ], [ 70.6591, 19.0911 ], [ 70.659, 19.0911 ], [ 70.659, 19.091 ], [ 70.6589, 19.091 ], [ 70.6589, 19.0909 ], [ 70.6581, 19.0909 ], [ 70.6581, 19.091 ], [ 70.658, 19.091 ], [ 70.658, 19.0911 ], [ 70.6579, 19.0911 ], [ 70.6579, 19.0915 ], [ 70.6578, 19.0915 ], [ 70.6578, 19.0921 ], [ 70.6579, 19.0921 ], [ 70.6579, 19.0923 ], [ 70.658, 19.0923 ], [ 70.658, 19.0924 ], [ 70.6581, 19.0924 ], [ 70.6581, 19.0925 ], [ 70.6582, 19.0925 ], [ 70.6582, 19.0926 ], [ 70.6583, 19.0926 ], [ 70.6583, 19.0927 ], [ 70.6584, 19.0927 ], [ 70.6584, 19.0928 ], [ 70.6585, 19.0928 ], [ 70.6585, 19.093 ], [ 70.6586, 19.093 ], [ 70.6586, 19.0933 ], [ 70.6587, 19.0933 ], [ 70.6587, 19.0934 ], [ 70.6588, 19.0934 ], [ 70.6588, 19.0935 ], [ 70.6589, 19.0935 ], [ 70.6589, 19.0936 ], [ 70.659, 19.0936 ], [ 70.659, 19.0937 ] ] ] } },
{ "type": "Feature", "properties": { "slick_id": 45, "centroid": [ 70.658055, 19.08965 ], "bounding_box": [ 70.6573, 19.0885, 70.6588, 19.0904 ], "area_km2": 0.0162, "perimeter_m": 756.98, "orientation": 74.05, "compactness": 0.356, "confidence": 0.3369 }, "geometry": { "type": "Polygon", "coordinates": [ [ [ 70.6579, 19.0904 ], [ 70.6587, 19.0904 ], [ 70.6587, 19.0903 ], [ 70.6588, 19.0903 ], [ 70.6588, 19.09 ], [ 70.6587, 19.09 ], [ 70.6587, 19.0897 ], [ 70.6586, 19.0897 ], [ 70.6586, 19.0896 ], [ 70.6584, 19.0896 ], [ 70.6584, 19.0895 ], [ 70.6583, 19.0895 ], [ 70.6583, 19.0894 ], [ 70.6582, 19.0894 ], [ 70.6582, 19.0893 ], [ 70.6581, 19.0893 ], [ 70.6581, 19.0892 ], [ 70.658, 19.0892 ], [ 70.658, 19.089 ], [ 70.6579, 19.089 ], [ 70.6579, 19.0888 ], [ 70.6578, 19.0888 ], [ 70.6578, 19.0887 ], [ 70.6577, 19.0887 ], [ 70.6577, 19.0886 ], [ 70.6575, 19.0886 ], [ 70.6575, 19.0885 ], [ 70.6574, 19.0885 ], [ 70.6574, 19.0886 ], [ 70.6573, 19.0886 ], [ 70.6573, 19.0888 ], [ 70.6574, 19.0888 ], [ 70.6574, 19.089 ], [ 70.6575, 19.089 ], [ 70.6575, 19.0891 ], [ 70.6576, 19.0891 ], [ 70.6576, 19.0893 ], [ 70.6577, 19.0893 ], [ 70.6577, 19.0902 ], [ 70.6578, 19.0902 ], [ 70.6578, 19.0903 ], [ 70.6579, 19.0903 ], [ 70.6579, 19.0904 ] ] ] } },
{ "type": "Feature", "properties": { "slick_id": 46, "centroid": [ 70.652161, 19.084363 ], "bounding_box": [ 70.65, 19.0828, 70.6536, 19.0862 ], "area_km2": 0.0862, "perimeter_m": 1647.54, "orientation": 32.2, "compactness": 0.3993, "confidence": 0.5328 }, "geometry": { "type": "Polygon", "coordinates": [ [ [ 70.653, 19.0862 ], [ 70.6535, 19.0862 ], [ 70.6535, 19.0861 ], [ 70.6536, 19.0861 ], [ 70.6536, 19.0842 ], [ 70.6535, 19.0842 ], [ 70.6535, 19.0841 ], [ 70.6534, 19.0841 ], [ 70.6534, 19.0839 ], [ 70.6533, 19.0839 ], [ 70.6533, 19.0838 ], [ 70.6532, 19.0838 ], [ 70.6532, 19.0837 ], [ 70.6531, 19.0837 ], [ 70.6531, 19.0835 ], [ 70.653, 19.0835 ], [ 70.653, 19.0833 ], [ 70.6529, 19.0833 ], [ 70.6529, 19.0832 ], [ 70.6528, 19.0832 ], [ 70.6528, 19.083 ], [ 70.6527, 19.083 ], [ 70.6527, 19.0829 ], [ 70.6526, 19.0829 ], [ 70.6526, 19.0828 ], [ 70.6518, 19.0828 ], [ 70.6518, 19.0829 ], [ 70.6517, 19.0829 ], [ 70.6517, 19.083 ], [ 70.6516, 19.083 ], [ 70.6516, 19.0831 ], [ 70.6515, 19.0831 ], [ 70.6515, 19.0832 ], [ 70.6514, 19.0832 ], [ 70.6514, 19.0834 ], [ 70.6513, 19.0834 ], [ 70.6513, 19.0835 ], [ 70.6512, 19.0835 ], [ 70.6512, 19.0836 ], [ 70.651, 19.0836 ], [ 70.651, 19.0837 ], [ 70.6509, 19.0837 ], [ 70.6509, 19.0836 ], [ 70.6507, 19.0836 ], [ 70.6507, 19.0835 ], [ 70.6505, 19.0835 ], [ 70.6505, 19.0834 ], [ 70.6503, 19.0834 ], [ 70.6503, 19.0833 ], [ 70.6502, 19.0833 ], [ 70.6502, 19.0834 ], [ 70.6501, 19.0834 ], [ 70.6501, 19.0835 ], [ 70.65, 19.0835 ], [ 70.65, 19.0843 ], [ 70.6501, 19.0843 ], [ 70.6501, 19.0844 ], [ 70.6507, 19.0844 ], [ 70.6507, 19.0845 ], [ 70.6511, 19.0845 ], [ 70.6511, 19.0846 ], [ 70.6513, 19.0846 ], [ 70.6513, 19.0848 ], [ 70.6514, 19.0848 ], [ 70.6514, 19.085 ], [ 70.6515, 19.085 ], [ 70.6515, 19.0851 ], [ 70.6517, 19.0851 ], [ 70.6517, 19.0852 ], [ 70.6518, 19.0852 ], [ 70.6518, 19.0853 ], [ 70.652, 19.0853 ], [ 70.652, 19.0854 ], [ 70.6521, 19.0854 ], [ 70.6521, 19.0855 ], [ 70.6522, 19.0855 ], [ 70.6522, 19.0856 ], [ 70.6523, 19.0856 ], [ 70.6523, 19.0857 ], [ 70.6524, 19.0857 ], [ 70.6524, 19.0858 ], [ 70.6525, 19.0858 ], [ 70.6525, 19.0859 ], [ 70.6527, 19.0859 ], [ 70.6527, 19.086 ], [ 70.6528, 19.086 ], [ 70.6528, 19.0861 ], [ 70.653, 19.0861 ], [ 70.653, 19.0862 ] ] ] } },
{ "type": "Feature", "properties": { "slick_id": 47, "centroid": [ 70.502964, 19.083695 ], "bounding_box": [ 70.5021, 19.0817, 70.5041, 19.0867 ], "area_km2": 0.0747, "perimeter_m": 1558.48, "orientation": 90.0, "compactness": 0.3866, "confidence": 0.5042 }, "geometry": { "type": "Polygon", "coordinates": [ [ [ 70.503, 19.0867 ], [ 70.5031, 19.0867 ], [ 70.5031, 19.0866 ], [ 70.5032, 19.0866 ], [ 70.5032, 19.0865 ], [ 70.5033, 19.0865 ], [ 70.5033, 19.0864 ], [ 70.5034, 19.0864 ], [ 70.5034, 19.0857 ], [ 70.5035, 19.0857 ], [ 70.5035, 19.0846 ], [ 70.5036, 19.0846 ], [ 70.5036, 19.0836 ], [ 70.5037, 19.0836 ], [ 70.5037, 19.0821 ], [ 70.5038, 19.0821 ], [ 70.5038, 19.082 ], [ 70.5039, 19.082 ], [ 70.5039, 19.0819 ], [ 70.504, 19.0819 ], [ 70.504, 19.0818 ], [ 70.5041, 19.0818 ], [ 70.5041, 19.0817 ], [ 70.5021, 19.0817 ], [ 70.5021, 19.0832 ], [ 70.5022, 19.0832 ], [ 70.5022, 19.0839 ], [ 70.5023, 19.0839 ], [ 70.5023, 19.0844 ], [ 70.5024, 19.0844 ], [ 70.5024, 19.0849 ], [ 70.5025, 19.0849 ], [ 70.5025, 19.0853 ], [ 70.5026, 19.0853 ], [ 70.5026, 19.0857 ], [ 70.5027, 19.0857 ], [ 70.5027, 19.086 ], [ 70.5028, 19.086 ], [ 70.5028, 19.0864 ], [ 70.5029, 19.0864 ], [ 70.5029, 19.0866 ], [ 70.503, 19.0866 ], [ 70.503, 19.0867 ] ] ] } },
{ "type": "Feature", "properties": { "slick_id": 49, "centroid": [ 70.651246, 19.081887 ], "bounding_box": [ 70.6481, 19.0817, 70.6537, 19.0822 ], "area_km2": 0.0234, "perimeter_m": 1358.1, "orientation": 0.0, "compactness": 0.1596, "confidence": 0.5723 }, "geometry": { "type": "Polygon", "coordinates": [ [ [ 70.6517, 19.0822 ], [ 70.6528, 19.0822 ], [ 70.6528, 19.0821 ], [ 70.6534, 19.0821 ], [ 70.6534, 19.082 ], [ 70.6535, 19.082 ], [ 70.6535, 19.0819 ], [ 70.6536, 19.0819 ], [ 70.6536, 19.0818 ], [ 70.6537, 19.0818 ], [ 70.6537, 19.0817 ], [ 70.6481, 19.0817 ], [ 70.6481, 19.0818 ], [ 70.6482, 19.0818 ], [ 70.6482, 19.0819 ], [ 70.6492, 19.0819 ], [ 70.6492, 19.082 ], [ 70.6509, 19.082 ], [ 70.6509, 19.0821 ], [ 70.6517, 19.0821 ], [ 70.6517, 19.0822 ] ] ] } },
{ "type": "Feature", "properties": { "slick_id": 50, "centroid": [ 70.844112, 19.083611 ], "bounding_box": [ 70.8413, 19.0817, 70.8464, 19.0865 ], "area_km2": 0.0933, "perimeter_m": 2493.57, "orientation": 0.0, "compactness": 0.1886, "confidence": 0.4245 }, "geometry": { "type": "Polygon", "coordinates": [ [ [ 70.8438, 19.0865 ], [ 70.844, 19.0865 ], [ 70.844, 19.0864 ], [ 70.8442, 19.0864 ], [ 70.8442, 19.0863 ], [ 70.8443, 19.0863 ], [ 70.8443, 19.0856 ], [ 70.8444, 19.0856 ], [ 70.8444, 19.0854 ], [ 70.8445, 19.0854 ], [ 70.8445, 19.0852 ], [ 70.8446, 19.0852 ], [ 70.8446, 19.0848 ], [ 70.8447, 19.0848 ], [ 70.8447, 19.0841 ], [ 70.8448, 19.0841 ], [ 70.8448, 19.0838 ], [ 70.8449, 19.0838 ], [ 70.8449, 19.0835 ], [ 70.845, 19.0835 ], [ 70.845, 19.0833 ], [ 70.8451, 19.0833 ], [ 70.8451, 19.0831 ], [ 70.8452, 19.0831 ], [ 70.8452, 19.083 ], [ 70.8453, 19.083 ], [ 70.8453, 19.0829 ], [ 70.8454, 19.0829 ], [ 70.8454, 19.0826 ], [ 70.8455, 19.0826 ], [ 70.8455, 19.0823 ], [ 70.8456, 19.0823 ], [ 70.8456, 19.0822 ], [ 70.8457, 19.0822 ], [ 70.8457, 19.0821 ], [ 70.8458, 19.0821 ], [ 70.8458, 19.082 ], [ 70.846, 19.082 ], [ 70.846, 19.0819 ], [ 70.8463, 19.0819 ], [ 70.8463, 19.0818 ], [ 70.8464, 19.0818 ], [ 70.8464, 19.0817 ], [ 70.8413, 19.0817 ], [ 70.8413, 19.0818 ], [ 70.8414, 19.0818 ], [ 70.8414, 19.0819 ], [ 70.8424, 19.0819 ], [ 70.8424, 19.082 ], [ 70.8433, 19.082 ], [ 70.8433, 19.0821 ], [ 70.8438, 19.0821 ], [ 70.8438, 19.0822 ], [ 70.844, 19.0822 ], [ 70.844, 19.0823 ], [ 70.8441, 19.0823 ], [ 70.8441, 19.0824 ], [ 70.8442, 19.0824 ], [ 70.8442, 19.0828 ], [ 70.8441, 19.0828 ], [ 70.8441, 19.0829 ], [ 70.844, 19.0829 ], [ 70.844, 19.083 ], [ 70.8438, 19.083 ], [ 70.8438, 19.0831 ], [ 70.8437, 19.0831 ], [ 70.8437, 19.0832 ], [ 70.8436, 19.0832 ], [ 70.8436, 19.0833 ], [ 70.8435, 19.0833 ], [ 70.8435, 19.0834 ], [ 70.8434, 19.0834 ], [ 70.8434, 19.0835 ], [ 70.8433, 19.0835 ], [ 70.8433, 19.0837 ], [ 70.8432, 19.0837 ], [ 70.8432, 19.084 ], [ 70.8431, 19.084 ], [ 70.8431, 19.0843 ], [ 70.843, 19.0843 ], [ 70.843, 19.0853 ], [ 70.8429, 19.0853 ], [ 70.8429, 19.0854 ], [ 70.843, 19.0854 ], [ 70.843, 19.0855 ], [ 70.8432, 19.0855 ], [ 70.8432, 19.0856 ], [ 70.8434, 19.0856 ], [ 70.8434, 19.0857 ], [ 70.8435, 19.0857 ], [ 70.8435, 19.0858 ], [ 70.8436, 19.0858 ], [ 70.8436, 19.0861 ], [ 70.8437, 19.0861 ], [ 70.8437, 19.0864 ], [ 70.8438, 19.0864 ], [ 70.8438, 19.0865 ] ] ] } }
]
}
